mode,nlc,asc,station,coverage,source,entries,entries_1,entries_2,entries_3,exits,exits_1,exits_2,exits_3,en_ex,data_year,nlc_outlier
Lu,719,Sfdu,Stratford,Station Entry / Exit,Gateline,22841.91666666667,23771.25,20444.25,16171.999999999996,23659.91666666667,24475.0,20208.0,15609.999999999998,25071500.24764451,2020,0
Lu,635,Lonu,London Bridge Lu,Station Entry / Exit,Gateline,24341.61538461539,24978.75,18901.25,12689.0,23441.615384615387,24180.75,19032.75,11978.5,24721910.907539766,2020,0
Lu,741,Vicu,Victoria Lu,Station Entry / Exit,Gateline,23233.285714285725,23271.75,12678.0,9259.0,24376.428571428565,24231.0,12924.0,9253.0,22954961.585513987,2020,0
Lu,625,Kxxu,King'S Cross St. Pancras,Station Entry / Exit,Gateline,19393.076923076926,19749.0,10610.000000000002,9779.0,18715.846153846152,19402.5,10381.333333333332,8866.25,18837593.16874996,2020,0
Lu,747,Wlou,Waterloo Lu,Station Entry / Exit,Gateline,16826.866666666658,16918.0,10678.5,7121.25,16911.733333333334,17007.25,10207.0,7164.5,16621546.072481418,2020,0
Lu,634,Lstu,Liverpool Street Lu,Station Entry / Exit,Gateline,16459.57142857142,16386.999999999996,8673.75,5972.25,17572.0,17710.666666666682,9092.0,6000.25,16267905.281514795,2020,0
Lu,580,Fpku,Finsbury Park,Station Entry / Exit,Gateline,14626.2563701999,11222.179709425369,7820.286815672733,6349.389241043907,21098.10845134741,8938.940834303807,11558.843609851223,6296.372179658494,15817399.467052422,2020,0
Lu,777,Vuxu,Vauxhall Lu,Station Entry / Exit,Gateline,16447.615384615383,16649.25,8931.5,5462.5,15862.692307692316,15737.25,8553.25,5488.5,15463373.23878267,2020,0
Lu,669,Oxcu,Oxford Circus,Station Entry / Exit,Gateline,14857.214285714288,13762.0,8721.75,5730.25,15494.571428571431,14327.666666666668,9438.0,6011.75,14598777.05100563,2020,0
Lu,514,Bkgu,Barking,Station Entry / Exit,Gateline,14830.4,14855.0,9186.5,5655.333333333335,14463.866666666669,14550.75,8834.25,5239.999999999998,14289886.710612848,2020,0
Dlr,891,Bepd,Beckton Park,Station Entry / Exit,Apc,43.66666666666667,71.0,50.0,37.0,385.5833333333333,407.5,234.0,122.5,165823.73223021167,2020,0
Lu,852,Cwfu,Canary Wharf Lu,Station Entry / Exit,Gateline,13162.076923076922,13277.75,9339.5,6322.25,13325.692307692312,13249.75,9255.75,6400.25,13355134.224782096,2020,0
Lu,778,Brxu,Brixton Lu,Station Entry / Exit,Gateline,12551.15384615385,13025.25,9268.75,7378.0,11911.769230769232,12304.5,9035.25,7134.333333333335,12735502.875013025,2020,0
Lu,670,Padu,Paddington Tfl,Station Entry / Exit,Gateline,11725.272727272733,11864.25,6604.75,5044.000000000001,11647.909090909088,12107.5,6591.0,4540.000000000002,11420070.062688265,2020,0
Lu,884,Cntu,Canning Town,Station Entry / Exit,Gateline,10035.307692307691,10208.25,9061.0,6524.0,9612.230769230773,9923.25,8639.0,6080.75,10546031.833542012,2020,0
Lu,742,Walu,Walthamstow Central,Station Entry / Exit,Gateline,10582.727272727274,10726.75,6731.25,4405.25,10534.727272727276,10685.0,6778.75,4387.75,10443276.158805957,2020,0
Lu,698,Svsu,Seven Sisters,Station Entry / Exit,Gateline,10473.85714285714,10754.75,6979.333333333331,5057.75,9999.285714285712,10294.25,6615.999999999999,4811.75,10305872.128693864,2020,0
Lo,5595,Cljr,Clapham Junction,Lo Boarding / Alighting,Loadweigh,13730.866666666669,14184.8,10778.06666666667,6499.200000000002,12327.0,12744.466666666665,9516.466666666664,5013.533333333334,9994168.629912896,2020,1
Lu,593,Hmdu,Hammersmith (Dis),Station Entry / Exit,Gateline,10474.214285714288,9913.000000000002,5624.666666666669,3931.0,10223.64285714286,9652.999999999998,5770.333333333332,3951.25,9895644.23896818,2020,0
Dlr,866,Wiqd,West India Quay,Station Entry / Exit,Apc,324.6666666666666,335.5000000000001,262.6666666666667,205.0,409.83333333333303,386.5000000000001,339.66666666666674,237.875,296160.4952914822,2020,0
Lu,708,Sknu,South Kensington,Station Entry / Exit,Gateline,10837.636363636362,10686.0,4153.0,3117.0000000000005,10583.181818181816,10308.5,3963.0,2844.3333333333344,9805549.28230098,2020,0
Lu,524,Bdsu,Bond Street,Station Entry / Exit,Gateline,10144.384615384613,9723.333333333334,5960.75,3922.25,9943.923076923082,9422.333333333334,5865.0,3727.0,9682505.59295038,2020,0
Lu,789,Nogu,North Greenwich,Station Entry / Exit,Gateline,9431.749999999998,9418.5,6699.25,5360.0,9409.416666666668,9434.25,6773.75,5133.25,9641851.996255226,2020,0
Lu,590,Gpku,Green Park,Station Entry / Exit,Gateline,9326.499999999996,8548.666666666668,5874.5,4469.75,9801.571428571437,9035.000000000002,6397.5,5120.0,9446616.845237346,2020,0
Lu,574,Eusu,Euston Lu,Station Entry / Exit,Gateline,8431.642857142857,8668.5,5330.0,5528.333333333333,8621.357142857143,9525.25,5617.75,4881.333333333334,8794405.543368649,2020,0
Ezl,6965,Lstr,Liverpool Street Nr,Tfl Rail Boarding / Alighting,Loadweigh,10320.933333333334,8608.999999999998,5480.333333333333,2914.0000000000014,12710.066666666671,11800.266666666665,8965.400000000005,4450.8,8767094.407978851,2020,1
Lu,570,Eleu,Elephant & Castle Lu,Station Entry / Exit,Gateline,8604.0,9010.75,6854.333333333334,4356.666666666668,7864.999999999999,8181.5,6409.666666666665,4168.333333333334,8559894.954237076,2020,0
Lu,566,Ehmu,East Ham,Station Entry / Exit,Gateline,9028.153846153844,9045.25,5010.5,3062.0,8744.461538461539,8646.0,4750.0,2707.0,8485805.867876135,2020,0
Lu,511,Bstu,Baker Street,Station Entry / Exit,Gateline,8769.857142857143,8862.75,4904.5,3825.25,8541.642857142855,8590.0,4856.5,3795.25,8475976.289812038,2020,0
Lu,752,Wpku,Wembley Park,Station Entry / Exit,Gateline,8659.57142857143,8690.0,4991.75,3646.0,8303.857142857141,8343.75,4818.0,3455.75,8289528.9763456695,2020,0
Lu,603,Hbyu,Highbury & Islington,Station Entry / Exit,Gateline,8099.0,8720.333333333332,5116.5,3511.25,8268.600000000004,8985.666666666668,5360.5,3680.25,8221118.885321619,2020,0
Lo,788,Cwru,Canada Water,Lo Boarding / Alighting,Scaled,11348.5507044108,10852.6245627672,7395.872637712888,4911.486085954864,10339.54510171558,10101.672454358299,8167.72833782259,5173.078294843951,8172280.712324572,2020,0
Lu,727,Tbyu,Tooting Broadway,Station Entry / Exit,Gateline,8220.692307692309,8400.0,5231.5,3445.5,8186.307692307691,8250.75,5134.25,3364.25,8102118.161841282,2020,0
Lu,562,Ectu,Earl'S Court,Station Entry / Exit,Gateline,7975.166666666667,8300.666666666668,4820.75,3473.3333333333326,7955.583333333336,8268.666666666664,4823.5,3524.333333333333,7898110.093629167,2020,0
Lu,745,Wstu,Warren Street,Station Entry / Exit,Gateline,8338.615384615381,8147.0,3565.75,2517.0,8413.153846153848,8194.5,3444.75,2453.25,7744298.970532175,2020,0
Lu,560,Ebyu,Ealing Broadway,Station Entry / Exit,Gateline,8047.0,8179.999999999996,4403.0,3035.75,7920.166666666668,8055.666666666664,4319.75,2953.5,7717376.771226871,2020,0
Lu,763,Wclu,Whitechapel,Station Entry / Exit,Gateline,8358.363636363634,8033.333333333332,3158.0,2002.0,8361.090909090912,8007.6666666666715,3377.0,2426.0,7621990.3523807805,2020,0
Lu,632,Leyu,Leyton,Station Entry / Exit,Gateline,7509.125,7595.5,5037.25,3478.9999999999977,7171.875,6827.25,4811.75,3409.6666666666674,7325632.422411697,2020,0
Lu,729,Tthu,Tottenham Hale Lu,Station Entry / Exit,Gateline,7557.285714285715,7536.0,4439.5,3300.75,7252.142857142858,7345.75,4240.0,3101.5,7264852.450369065,2020,0
Lu,607,Holu,Holborn,Station Entry / Exit,Gateline,7660.18181818182,7404.999999999998,3428.5,2072.333333333334,7902.0,7618.666666666666,3430.75,2091.0000000000005,7171858.944170161,2020,0
Lu,767,Wimu,Wimbledon,Lu Boarding / Alighting,Manual Count,7504.799999999998,7372.999999999998,3958.4000000000005,2489.400000000001,7277.200000000001,7195.200000000003,3907.0000000000005,2503.6000000000004,7040551.836436622,2020,0
Lu,513,Bnku,Bank And Monument,Station Entry / Exit,Gateline,7663.000000000002,6860.33333333333,3046.6666666666665,2089.999999999999,7894.214285714285,7163.666666666669,3109.3333333333335,2138.333333333334,7031102.04079662,2020,0
Lu,520,Bngu,Bethnal Green Lu,Station Entry / Exit,Gateline,6733.928571428569,6978.0,5147.25,3994.666666666666,6366.000000000001,6571.75,4967.5,3827.999999999999,6849606.768623313,2020,0
Lu,642,Mleu,Mile End,Station Entry / Exit,Gateline,6379.0,6581.75,5463.5,4508.333333333334,6200.333333333332,6266.0,5271.25,4620.333333333333,6787728.75943971,2020,0
Lu,665,Oldu,Old Street,Station Entry / Exit,Gateline,6720.999999999999,6724.25,4018.5,2849.333333333333,6998.642857142854,6929.0,3910.0,2778.333333333333,6683590.229136427,2020,0
Dlr,859,Pmld,Pudding Mill Lane,Station Entry / Exit,Apc,837.3846153846152,847.3333333333334,446.6666666666668,294.75,827.692307692308,846.1666666666667,457.3333333333333,314.625,619028.1159017679,2020,0
Lu,739,Upku,Upton Park,Station Entry / Exit,Gateline,7171.333333333332,6913.000000000002,4036.5,2519.0,6812.733333333335,6561.666666666666,3870.5,2249.5,6677841.08672215,2020,0
Lu,770,Wgnu,Wood Green,Station Entry / Exit,Gateline,6697.538461538459,6832.75,4546.25,3161.25,6389.923076923074,6529.0,4296.0,2975.0,6578240.251414531,2020,0
Dlr,890,Road,Royal Albert,Station Entry / Exit,Apc,828.2083333333335,805.6666666666663,473.8333333333332,314.0,897.9166666666671,892.0000000000003,512.1666666666665,333.375,642155.7155515993,2020,0
Lu,761,Wmsu,Westminster,Station Entry / Exit,Gateline,6888.428571428572,6063.666666666668,3786.75,3064.0,6813.428571428571,5941.999999999998,3204.25,2628.25,6463755.708047003,2020,0
Lu,700,Sbcu,Shepherd'S Bush Lu,Station Entry / Exit,Gateline,6312.166666666665,6586.25,4286.75,3307.0,6043.249999999997,6202.0,4169.5,3069.3333333333335,6283853.879453897,2020,0
Lu,702,Ssqu,Sloane Square,Station Entry / Exit,Gateline,6933.6153846153875,6637.666666666668,2816.6666666666656,1980.0,6733.076923076924,6437.333333333335,2862.3333333333326,1878.75,6276138.615226297,2020,0
Lu,598,Hohu,Harrow-On-The-Hill,Station Entry / Exit,Gateline,6372.909090909089,6221.66666666667,3650.5,2518.25,6426.181818181818,6256.333333333333,3644.0,2511.25,6185708.66585563,2020,0
Lu,522,Bhru,Blackhorse Road,Station Entry / Exit,Gateline,6494.076923076921,6565.0000000000055,3859.25,2614.0,6125.307692307689,6138.333333333333,3567.5,2416.5,6158916.273835521,2020,0
Lo,766,Wjnu,Willesden Junction,Lo Boarding / Alighting,Scaled,8478.552712181156,7724.55482971324,4324.924174813272,1720.0176864176199,9177.83060185563,8369.864149677273,4922.149352523743,2175.6075289253836,6097203.018197912,2020,0
Lu,728,Tcru,Tottenham Court Road,Station Entry / Exit,Gateline,6586.166666666668,6251.333333333332,3347.0,2169.6666666666665,6339.833333333331,6020.000000000004,3014.6666666666656,1871.0000000000005,6045301.896598273,2020,0
Ezl,3087,Padr,Paddington Nr,Tfl Rail Boarding / Alighting,Loadweigh,6703.066666666667,6471.600000000001,3860.466666666668,3257.066666666667,8132.133333333334,8176.266666666663,6248.733333333332,4018.9333333333348,5977070.730055294,2020,1
Lu,577,Faru,Farringdon,Station Entry / Exit,Gateline,6986.642857142859,6590.5,1929.5,1074.6666666666667,6589.642857142858,6113.25,1804.25,1003.9999999999995,5899244.243180908,2020,0
Lu,645,Mgtu,Moorgate,Station Entry / Exit,Gateline,6650.642857142857,6200.5,1956.5,1083.0,6673.857142857144,6177.25,2120.25,1222.5,5839734.271719101,2020,0
Lu,663,Nhgu,Notting Hill Gate,Station Entry / Exit,Gateline,5678.285714285715,5932.0,3435.5,2389.000000000001,5762.5714285714275,6113.666666666667,3630.75,2467.0000000000005,5682051.38399258,2020,0
Lu,633,Lysu,Leytonstone,Station Entry / Exit,Gateline,5785.6,5892.999999999998,3487.5,2436.5,5703.000000000004,5776.333333333331,3396.75,2430.0,5650714.587502404,2020,0
Lu,735,Tplu,Turnpike Lane,Station Entry / Exit,Gateline,5521.363636363639,5616.5,3965.5,2817.25,5587.727272727275,5687.5,3865.25,2723.75,5636482.7276935335,2020,0
Lu,535,Ctnu,Camden Town,Station Entry / Exit,Gateline,5020.071428571429,5339.333333333337,4321.75,3403.0000000000005,5132.071428571428,5530.333333333332,4591.25,3584.666666666666,5509539.684227331,2020,0
Lu,647,Moru,Morden,Station Entry / Exit,Gateline,5800.999999999998,5701.33333333333,3282.3333333333326,2503.75,5487.384615384615,5332.66666666667,3074.9999999999995,2361.25,5488034.294371766,2020,0
Dlr,887,Cuhd,Custom House,Station Entry / Exit,Apc,1018.2857142857141,1073.8333333333333,596.75,438.16666666666663,1008.6428571428575,1051.9999999999998,635.75,424.66666666666674,774342.346192487,2020,0
Lu,716,Stku,Stockwell,Station Entry / Exit,Gateline,5475.53333333333,5723.75,4102.75,2893.3333333333335,4915.199999999999,5052.25,3709.75,2757.6666666666674,5370518.370149054,2020,0
Lu,507,Angu,Angel,Station Entry / Exit,Gateline,5180.307692307693,5482.5,3367.25,2446.0,5244.230769230769,5568.25,3427.25,2466.333333333334,5255371.261763252,2020,0
Lu,512,Balu,Balham Lu,Station Entry / Exit,Gateline,5203.538461538462,5406.0,3546.5,2318.25,5241.384615384615,5414.25,3500.25,2330.0,5241275.473066232,2020,0
Lu,758,Whdu,West Hampstead Lu,Station Entry / Exit,Gateline,5119.916666666668,5101.25,3049.5,2271.333333333334,4924.916666666668,4886.25,3060.25,2278.333333333334,4955039.02043503,2020,0
Lu,579,Frdu,Finchley Road,Station Entry / Exit,Gateline,4905.714285714286,5152.333333333334,2856.75,2035.5,4620.28571428571,4871.66666666667,2714.5,1920.75,4696641.192182847,2020,0
Lu,556,Dghu,Dagenham Heathway,Station Entry / Exit,Gateline,4903.785714285713,4731.25,2371.0,1563.0,4817.0,4627.5,2338.5,1492.5,4552421.018697836,2020,0
Lu,547,Cpcu,Clapham Common,Station Entry / Exit,Gateline,4136.833333333335,4247.75,3248.75,2408.0000000000005,4451.416666666662,4599.75,3577.75,2677.0000000000014,4500439.758365416,2020,0
Lu,626,Knbu,Knightsbridge,Station Entry / Exit,Gateline,4651.666666666668,4617.333333333332,2718.25,1720.75,4590.083333333335,4551.9999999999945,2599.5,1675.25,4464302.653029115,2020,0
Lu,508,Arcu,Archway,Station Entry / Exit,Gateline,4621.461538461539,4640.0,2614.0,1870.75,4525.769230769232,4492.25,2432.25,1782.25,4429802.17666176,2020,0
Dlr,533,Lcad,London City Airport,Station Entry / Exit,Apc,1055.4583333333335,1157.5,564.6666666666663,549.875,1166.1249999999995,1262.75,564.5,565.625,851219.2130490883,2020,0
Dlr,750,Abrd,Abbey Road,Station Entry / Exit,Apc,1088.9090909090912,1097.625,796.5000000000001,534.9999999999999,1101.136363636364,1118.375,789.5,585.0000000000001,860311.5812621496,2020,0
Lu,787,Beru,Bermondsey,Station Entry / Exit,Gateline,4462.076923076923,4628.5,2967.0,1951.0,4335.615384615386,4411.5,2852.0,1989.5,4400677.016755771,2020,0
Lu,551,Colu,Colindale,Station Entry / Exit,Gateline,4565.545454545457,4551.25,2585.75,1848.0,4373.81818181818,4338.0,2413.5,1762.25,4335293.956216043,2020,0
Dlr,894,Gard,Gallions Reach,Station Entry / Exit,Apc,1052.0714285714273,1116.5,730.8333333333334,519.8333333333333,1165.4999999999986,1196.0,798.1666666666669,613.5,870533.1210722425,2020,0
Dlr,893,Cypd,Cyprus,Station Entry / Exit,Apc,1346.6538461538453,1299.8333333333333,476.375,350.0,1160.6153846153836,1162.8333333333333,396.0,311.5,877611.9627721382,2020,0
Lu,765,Wlgu,Willesden Green,Station Entry / Exit,Gateline,4286.846153846153,4345.0,2805.75,2130.9999999999995,4248.461538461538,4308.0,2768.0,2123.3333333333326,4290015.352935831,2020,0
Ezl,6886,Rmfr,Romford,Tfl Rail Boarding / Alighting,Scaled,5583.688083662596,5531.02742391431,2938.5635192033246,1657.1151935768462,5737.885925059601,5609.929867701896,2997.828836179266,1582.2056116711042,4279881.632500906,2020,1
Lu,776,Pimu,Pimlico,Station Entry / Exit,Gateline,4270.4285714285725,4323.0,2586.0,1885.0,4339.642857142857,4347.25,2601.25,1907.5,4243220.63833849,2020,0
Lu,674,Picu,Piccadilly Circus,Station Entry / Exit,Gateline,4242.615384615385,3950.6666666666656,3396.333333333332,3000.5,3787.692307692308,3562.3333333333335,2829.333333333334,2290.75,4175737.5547536854,2020,0
Dlr,882,Blad,Blackwall,Station Entry / Exit,Apc,1126.0909090909086,1181.5,825.875,550.1666666666666,1165.045454545456,1206.1666666666674,827.25,582.1666666666667,901590.2754755195,2020,0
Lu,731,Thlu,Tower Hill,Station Entry / Exit,Gateline,4193.076923076922,4166.666666666667,2197.25,1789.0,4147.461538461538,4131.0,2501.75,2386.6666666666665,4116749.7374381036,2020,0
Lu,696,Sjwu,St. John'S Wood,Station Entry / Exit,Gateline,4249.714285714286,4306.0,2154.25,1391.75,4404.285714285714,4426.5,2228.0,1452.75,4113554.6411632593,2020,0
Lu,542,Embu,Embankment,Station Entry / Exit,Gateline,4454.714285714284,4136.0,2239.333333333333,1902.5,4182.071428571429,3813.0,1835.0000000000007,1411.0,4055182.663053447,2020,0
Dlr,749,Shsd,Stratford High Street,Station Entry / Exit,Apc,1334.0999999999997,1248.3333333333335,720.3333333333336,483.0,1145.1999999999994,1122.0,666.1666666666664,478.0,917986.1866116168,2020,0
Lu,740,Uxbu,Uxbridge,Station Entry / Exit,Gateline,4351.583333333335,4347.666666666665,2127.999999999999,1376.0,4209.333333333334,4166.666666666666,2000.0000000000007,1354.0,4034024.3319909247,2020,0
Lu,764,Wctu,White City,Station Entry / Exit,Gateline,4409.200000000003,4227.333333333334,2120.75,1409.3333333333333,4126.100000000001,4019.3333333333344,1945.0,1413.333333333333,4005702.7121087126,2020,0
Lu,631,Lsqu,Leicester Square,Station Entry / Exit,Gateline,3930.1538461538457,3812.0,3196.3333333333344,2716.75,3716.69230769231,3552.9999999999995,2500.666666666666,2036.25,3950320.4078840516,2020,0
Lu,622,Kilu,Kilburn,Station Entry / Exit,Gateline,3961.2666666666664,4008.0,2624.5,2003.0000000000002,3841.399999999999,3871.75,2610.25,2060.333333333333,3945830.6058735587,2020,0
Dlr,888,Prrd,Prince Regent,Station Entry / Exit,Apc,1216.25,1219.9999999999995,669.1666666666666,422.16666666666674,1371.375,1334.8333333333333,699.1666666666665,495.50000000000006,952649.638673219,2020,0
Lu,583,Grdu,Gloucester Road,Station Entry / Exit,Gateline,4215.249999999999,4141.333333333333,2110.75,1528.9999999999993,4039.083333333334,4021.9999999999995,2091.5,1449.666666666667,3933948.9437290854,2020,0
Ezl,6881,Ifdr,Ilford,Station Entry / Exit,Gateline,5089.114285714288,5146.199999999998,3087.18,1676.1599999999996,5080.724999999998,4982.6,2979.3749999999995,1633.275,3930053.9567251797,2020,1
Lu,773,Hmsu,Hammersmith (H&C),Station Entry / Exit,Gateline,4310.900000000001,4406.5,1984.6666666666665,1513.6666666666672,3986.2,3979.25,1873.0000000000002,1369.9999999999998,3929123.346141805,2020,0
Lu,581,Fbyu,Fulham Broadway,Station Entry / Exit,Gateline,4119.5714285714275,4173.5,2018.6666666666672,1461.3333333333323,4148.357142857142,4104.25,1875.3333333333333,1401.6666666666667,3911982.6373866466,2020,0
Lu,584,Ggru,Golders Green,Station Entry / Exit,Gateline,4015.5000000000005,4035.0,2221.25,1676.25,4004.5000000000005,4005.25,2176.0,1682.0,3897645.438475981,2020,0
Lu,697,Stpu,St. Paul'S,Station Entry / Exit,Gateline,4086.5555555555557,3961.0,2065.75,1079.0,4247.8888888888905,4039.6666666666665,1912.0,1137.0,3861773.8649218115,2020,0
Dlr,898,Elrd,Elverson Road,Station Entry / Exit,Apc,1286.692307692307,1277.875,855.75,622.25,1253.5384615384628,1305.375,921.5,642.75,992403.6661162011,2020,0
Lu,751,Wemu,Wembley Central,Station Entry / Exit,Gateline,3739.499999999999,3695.25,2422.0,1488.3333333333328,3959.666666666668,3924.25,2499.25,1498.666666666666,3772643.696719459,2020,0
Lu,676,Plwu,Plaistow,Station Entry / Exit,Gateline,4149.923076923075,4169.5,2170.0,1285.5,3795.6153846153843,3808.75,1978.0,1159.0,3769830.693870594,2020,0
Lo,5421,Dmkr,Denmark Hill,Lo Boarding / Alighting,Scaled,5308.340506155973,5511.6266658283,1740.7861515379154,1518.816171673247,5517.71626692854,5851.522028741957,1839.1865771123878,1519.47863372093,3742003.662187407,2020,1
Lu,582,Ghlu,Gants Hill,Station Entry / Exit,Gateline,3929.4666666666653,3895.0,2196.0,1756.75,3724.0666666666652,3725.25,2085.5,1673.75,3741491.508039716,2020,0
Lu,578,Fycu,Finchley Central,Station Entry / Exit,Scaled,3992.3467638235647,3772.000094603066,1965.2896816362554,1222.3923888991712,3965.8180722953502,3807.557765851122,1850.6986624551566,1304.8064213016896,3718792.844422893,2020,0
Dlr,857,Mudd,Mudchute,Station Entry / Exit,Apc,1310.4285714285716,1314.1666666666667,982.5000000000001,680.1666666666669,1267.8928571428576,1267.6666666666663,1009.1666666666667,764.9999999999999,1027511.7200965381,2020,0
Lu,653,Nacu,North Acton,Station Entry / Exit,Gateline,3844.9285714285706,3884.0,2332.0,1545.25,3779.5000000000005,3705.3333333333335,2211.0,1482.5,3717588.5898995944,2020,0
Lu,575,Esqu,Euston Square,Station Entry / Exit,Gateline,4115.8888888888905,3927.75,1503.5,1131.0,3929.4444444444443,3863.75,1468.0,1115.0,3668926.9826186495,2020,0
Lu,552,Clwu,Colliers Wood,Station Entry / Exit,Gateline,3775.363636363637,3773.75,2547.25,1731.0,3553.6363636363635,3572.75,2418.25,1627.25,3666802.7283615917,2020,0
Lu,640,Maru,Marble Arch,Station Entry / Exit,Gateline,3626.333333333334,3679.5,2435.6666666666674,1631.6666666666672,3662.4166666666674,3636.25,2532.3333333333335,1792.3333333333337,3657163.9246701966,2020,0
Lu,638,Mnru,Manor House,Station Entry / Exit,Gateline,3735.769230769231,3622.666666666666,2466.25,1905.75,3448.692307692307,3354.333333333333,2291.5,1782.25,3599717.1448819945,2020,0
Lu,605,Hstu,High Street Kensington,Station Entry / Exit,Gateline,3843.1538461538466,3694.333333333334,2214.25,1559.6666666666672,3602.6153846153843,3355.9999999999995,1906.5,1411.0000000000002,3574132.9534183466,2020,0
Lu,500,Actu,Acton Town,Station Entry / Exit,Gateline,3701.899999999999,3673.333333333335,2023.25,1476.0,3655.1,3556.3333333333344,2099.25,1580.5,3568527.6455826093,2020,0
Lu,784,Swku,Southwark,Station Entry / Exit,Gateline,3785.769230769228,3578.6666666666665,1942.0,1215.9999999999998,3835.9999999999995,3620.3333333333344,1813.5,1243.9999999999998,3568418.7094668625,2020,0
Lu,726,Tbeu,Tooting Bec,Station Entry / Exit,Gateline,3552.400000000001,3624.5,2431.0,1762.6666666666663,3392.7999999999993,3382.0,2366.0,1697.6666666666665,3509976.1174105937,2020,0
Dlr,559,Wsid,West Silvertown,Station Entry / Exit,Apc,1331.5454545454536,1422.1666666666667,901.5,632.6666666666667,1463.9090909090912,1524.166666666667,926.375,679.9999999999998,1085312.060689048,2020,0
Lu,541,Cylu,Chancery Lane,Station Entry / Exit,Gateline,3821.0666666666657,3593.0,1061.0,518.0,4062.9999999999995,3809.25,993.75,543.5,3405923.0630524154,2020,0
Lu,718,Chxu,Charing Cross Lu,Station Entry / Exit,Gateline,3294.571428571428,3129.0,2344.75,1645.3333333333335,3478.928571428572,3323.25,2412.25,1763.6666666666674,3400410.6232553525,2020,0
Lu,601,Hndu,Hendon Central,Station Entry / Exit,Gateline,3630.3571428571445,3550.75,2028.25,1549.5,3354.357142857144,3268.75,1837.75,1410.0,3385014.331865098,2020,0
Lu,657,Nhtu,Northolt,Station Entry / Exit,Gateline,3643.9285714285706,3568.000000000002,1923.5,1302.666666666666,3444.642857142857,3338.999999999999,1823.0,1285.9999999999998,3383878.361612395,2020,0
Lu,549,Cpsu,Clapham South,Station Entry / Exit,Gateline,3310.2000000000003,3458.666666666667,2228.5,1542.75,3434.2000000000003,3498.3333333333344,2232.25,1557.75,3382641.2363950713,2020,0
Lu,668,Ovlu,Oval,Station Entry / Exit,Gateline,3249.7857142857147,3383.5,2682.666666666667,1800.9999999999995,3037.642857142857,3143.25,2577.000000000001,1826.6666666666677,3313151.821898503,2020,0
Lu,757,Whmu,West Ham,Station Entry / Exit,Gateline,3217.4999999999995,3292.25,2051.5,1655.6666666666672,3291.916666666666,3333.75,2044.0,1800.3333333333333,3278812.9989457647,2020,0
Dlr,889,Stld,Star Lane,Station Entry / Exit,Apc,1521.8999999999985,1487.1666666666663,767.6666666666666,503.0,1600.6666666666663,1551.1666666666665,775.0000000000001,546.5,1135765.8655890184,2020,0
Dlr,858,Popd,Poplar,Station Entry / Exit,Apc,1444.6244790015107,1352.274013652313,748.3535311972524,672.7365407114296,1628.731762038603,1561.1237120222659,778.9471316551945,703.6771820179879,1135901.6466087073,2020,0
Dlr,897,Debd,Deptford Bridge,Station Entry / Exit,Apc,1626.0650261742835,1688.6602631782243,1369.109421667121,1023.9859081224541,1185.8702714031247,1268.6613102595807,945.4148354153392,549.7228605175571,1139053.0761385579,2020,0
Lu,619,Ktnu,Kentish Town,Station Entry / Exit,Gateline,3660.0000000000014,3758.5,2375.75,1588.0,2885.3076923076915,2973.25,1796.5,1296.0,3257153.36722203,2020,0
Lu,624,Kbyu,Kingsbury,Station Entry / Exit,Gateline,3457.642857142857,3464.75,1848.6666666666665,1176.0,3326.714285714286,3269.75,1795.3333333333333,1096.75,3236733.7981001693,2020,0
Lu,650,Nepu,Newbury Park,Station Entry / Exit,Gateline,3382.153846153845,3359.0000000000023,1704.25,1976.0,2980.076923076923,3016.666666666666,1513.0,1862.25,3168497.8881440433,2020,0
Lu,503,Aleu,Aldgate East,Station Entry / Exit,Gateline,3198.307692307691,3351.333333333335,2336.0,1320.0,3005.4615384615395,3073.333333333333,2386.0,1281.0,3144899.057389876,2020,0
Lu,516,Bctu,Barons Court,Station Entry / Exit,Gateline,3337.615384615385,3231.5,1663.25,1171.666666666667,3285.8461538461543,3133.75,1585.0,1180.9999999999995,3127254.674722413,2020,0
Lo,1429,Dlkr,Dalston Kingsland,Station Entry / Exit,Gateline,3909.849230769232,4125.33,3742.7400000000007,2369.16,3724.35,3920.1750000000006,3750.3375000000015,2383.1500000000005,3124928.661756481,2020,0
Lo,6977,Hkcr,Hackney Central,Station Entry / Exit,Gateline,4479.222857142859,4528.440000000001,3337.4700000000003,2042.8200000000004,3564.299999999997,3624.074999999999,2777.25,1663.7250000000006,3074965.4052883172,2020,1
Lu,567,Epyu,East Putney,Station Entry / Exit,Gateline,3223.9230769230758,3252.0,1648.25,1034.6666666666665,3205.2307692307686,3202.5,1630.75,1094.3333333333335,3056532.2590186168,2020,0
Lu,597,Hawu,Harrow & Wealdstone,Station Entry / Exit,Gateline,3447.384615384613,3404.75,1730.75,1004.6666666666667,3001.846153846153,2973.0,1529.25,872.6666666666666,3033409.4790902613,2020,0
Dlr,850,Alsd,All Saints,Station Entry / Exit,Apc,1600.1428571428576,1517.3333333333328,986.166666666667,740.6666666666665,1613.1785714285704,1505.333333333333,984.4999999999999,708.4999999999998,1211242.6851347175,2020,0
Lu,672,Pgru,Parsons Green,Station Entry / Exit,Gateline,3276.0,3250.75,1334.5,944.5,3287.6923076923053,3217.25,1291.0,960.75,3026008.359386443,2020,0
Lu,589,Gfdu,Greenford,Station Entry / Exit,Gateline,3165.428571428572,3108.3333333333317,1708.0000000000005,1027.6666666666663,3093.6428571428555,2996.000000000001,1603.9999999999998,977.3333333333334,2964851.5072890837,2020,0
Lu,527,Bgru,Bounds Green,Station Entry / Exit,Gateline,3044.0000000000005,3041.0,1958.25,1432.5,2893.714285714286,2923.0,1817.0,1319.5,2953365.8668311057,2020,0
Lu,532,Buru,Burnt Oak,Station Entry / Exit,Gateline,3079.666666666668,3115.5,1672.333333333333,1188.9999999999995,2972.1666666666674,3028.0,1629.9999999999995,1117.0000000000002,2926900.1876622904,2020,0
Lu,695,Sjpu,St. James'S Park,Station Entry / Exit,Gateline,3325.909090909092,3034.0,1120.3333333333328,640.0,3269.727272727274,2958.666666666667,1170.0000000000002,698.0,2919119.3018040555,2020,0
Lu,705,Sfsu,Southfields,Station Entry / Exit,Gateline,3177.4615384615377,3049.0000000000005,1507.75,1043.5,3009.461538461537,2904.3333333333335,1438.0,1019.25,2902818.497575075,2020,0
Lo,9587,Spbr,Shepherd'S Bush Nr,Station Entry / Exit,Gateline,4025.9454545454546,4066.9199999999983,2287.709999999999,1281.9600000000003,4053.2863636363654,4082.05,2199.7499999999995,1185.45,2900189.17258324,2020,1
Lu,521,Blfu,Blackfriars Lu,Station Entry / Exit,Gateline,3417.357142857144,3177.0,1056.0,838.3333333333335,3117.6428571428587,2913.25,917.0,651.6666666666669,2894041.51472938,2020,0
Lu,723,Swcu,Swiss Cottage,Station Entry / Exit,Gateline,3067.0000000000005,3099.25,1516.25,995.5,3012.769230769231,3026.5,1518.75,1068.75,2891036.5119765117,2020,0
Lu,565,Efyu,East Finchley,Station Entry / Exit,Gateline,3067.083333333335,3128.75,1511.25,1060.25,2960.7499999999986,2966.75,1462.25,1053.5,2870897.764598743,2020,0
Lu,548,Cpnu,Clapham North,Station Entry / Exit,Gateline,2806.1428571428564,2848.333333333333,2222.75,1627.3333333333335,2713.571428571428,2684.666666666667,2084.5,1587.0,2868041.654172647,2020,0
Lu,679,Qbyu,Queensbury,Station Entry / Exit,Gateline,3003.7999999999997,2993.75,1719.5,1030.6666666666665,2942.7333333333336,2930.25,1641.75,987.9999999999999,2855288.036233135,2020,0
Dlr,538,Pdkd,Pontoon Dock,Station Entry / Exit,Apc,1541.7692307692307,1640.25,1288.5000000000002,881.3333333333336,1631.73076923077,1702.625,1313.3333333333333,895.1666666666664,1285216.1400380216,2020,0
Lu,627,Lgru,Ladbroke Grove,Station Entry / Exit,Gateline,2950.571428571429,3006.999999999999,1658.75,994.0000000000002,2953.3571428571436,2975.0000000000005,1610.75,987.666666666667,2835700.8946586,2020,0
Lu,569,Erdu,Edgware Road (Dis),Station Entry / Exit,Gateline,3172.666666666667,2984.6666666666683,1537.25,982.75,2904.466666666667,2739.6666666666674,1430.75,904.5,2835355.4504544176,2020,0
Lu,568,Edgu,Edgware,Station Entry / Exit,Gateline,2896.307692307692,2736.666666666668,1542.75,1139.25,3002.7692307692314,2856.9999999999986,1566.75,1169.5,2815355.324283935,2020,0
Lu,502,Aldu,Aldgate,Station Entry / Exit,Gateline,2489.416666666667,2446.6666666666665,1818.5,1706.0000000000002,2822.0833333333335,2947.9999999999995,2016.5,1814.6666666666679,2775844.4674429637,2020,0
Lu,680,Qpku,Queen'S Park,Station Entry / Exit,Gateline,2872.2999999999984,2849.25,1794.75,1309.6666666666665,2730.3999999999996,2696.5,1711.75,1291.0000000000002,2775384.2123539336,2020,0
Dlr,856,Isgd,Island Gardens,Station Entry / Exit,Apc,1696.9166666666667,1749.875,1243.833333333334,943.5000000000001,1673.8750000000002,1697.75,1115.3333333333337,892.3333333333335,1328528.2274373437,2020,0
Lo,1421,Whdr,West Hampstead Lo,Station Entry / Exit,Gateline,3857.6618181818176,3868.0200000000013,2575.7999999999993,1532.5200000000002,3639.395454545454,3573.4125000000004,2344.1249999999995,1412.7750000000005,2773685.974314066,2020,0
Dlr,864,Togd,Tower Gateway,Station Entry / Exit,Apc,1639.8076923076917,1610.3333333333333,1169.25,958.1666666666665,1740.8461538461534,1876.8333333333337,1281.0,953.166666666667,1344451.6400209595,2020,0
Lu,519,Bpku,Belsize Park,Station Entry / Exit,Gateline,3283.0769230769247,3276.3333333333335,1761.9999999999995,1247.75,2489.6923076923076,2468.666666666665,1281.3333333333335,908.75,2769408.794064949,2020,0
Lu,518,Becu,Becontree,Station Entry / Exit,Gateline,3002.9333333333316,2993.75,1377.5,915.5,2894.733333333333,2815.5,1360.0,859.5,2756262.383616659,2020,0
Lu,769,Wfdu,Woodford,Station Entry / Exit,Gateline,2948.9285714285706,2795.666666666667,1552.75,940.5,2896.000000000001,2800.0,1506.75,901.25,2754341.9566133153,2020,0
Lu,558,Dhlu,Dollis Hill,Station Entry / Exit,Gateline,2899.307692307691,2915.666666666667,1855.75,1204.6666666666667,2691.3846153846143,2687.6666666666665,1647.5,1135.3333333333335,2754025.9251603824,2020,0
Lu,694,Rsqu,Russell Square,Station Entry / Exit,Gateline,2903.6923076923067,2921.666666666666,1370.0,1025.0,2876.6153846153834,2919.3333333333335,1330.5,1056.5,2744464.602281311,2020,0
Lu,563,Eacu,East Acton,Station Entry / Exit,Gateline,2809.923076923076,2760.0000000000014,1498.3333333333337,1158.6666666666663,2866.9999999999986,2755.0000000000014,1469.666666666667,1162.3333333333337,2726901.921700658,2020,0
Lu,706,Sgtu,Southgate,Station Entry / Exit,Gateline,2702.5833333333335,2737.0,1627.25,1143.5,2789.499999999999,2831.25,1727.5,1180.25,2705625.4727640618,2020,0
Lo,1413,Hdhr,Hampstead Heath,Station Entry / Exit,Gateline,3338.672727272728,3334.32,3376.8000000000006,2146.3199999999997,3165.7500000000005,3167.4999999999986,3661.6999999999994,2171.7500000000005,2698905.9820807674,2020,0
Lu,528,Bwru,Bow Road,Station Entry / Exit,Gateline,2869.666666666667,2900.0,1438.5,996.0,2729.7500000000005,2696.25,1346.5,938.0,2660676.252684735,2020,0
Lu,588,Gpsu,Great Portland Street,Station Entry / Exit,Gateline,2965.0833333333344,2855.25,1241.6666666666672,711.5,2823.9166666666665,2692.75,1105.9999999999995,705.0,2635852.5714791426,2020,0
Lu,641,Mybu,Marylebone Lu,Station Entry / Exit,Gateline,2693.8666666666663,2700.25,1308.25,964.3333333333334,2846.733333333333,2919.0,1407.5,883.3333333333336,2630669.3910919228,2020,0
Dlr,523,Kgvd,King George V,Station Entry / Exit,Apc,1840.1153846153852,1804.375,1111.6666666666665,744.8333333333336,1878.4999999999995,1876.25,1127.666666666667,801.6666666666669,1402422.709811431,2020,0
Lu,678,Putu,Putney Bridge,Station Entry / Exit,Gateline,2556.8571428571418,2582.5,1500.5,1043.6666666666665,2878.7142857142853,2853.75,1518.75,1033.333333333333,2626928.68050021,2020,0
Dlr,867,Derd,Devons Road,Station Entry / Exit,Apc,1799.9,1789.25,1223.3333333333328,1022.1666666666669,1791.0666666666675,1842.25,1248.0,1072.8333333333333,1418973.8764018582,2020,0
Lu,592,Haiu,Hainault,Station Entry / Exit,Gateline,2817.7857142857138,2781.75,1386.25,960.5,2729.5,2685.75,1363.5,913.75,2625053.2674561227,2020,0
Lu,530,Bbbu,Bromley-By-Bow,Station Entry / Exit,Gateline,2750.0000000000005,2782.25,1301.5,889.0,2707.5999999999995,2729.75,1273.5,870.0,2575615.801596528,2020,0
Lo,6979,Hmnr,Homerton,Station Entry / Exit,Gateline,3591.899999999999,3599.9999999999986,2145.420000000001,1415.1600000000005,3388.9624999999996,3411.1000000000004,1999.4624999999999,1386.0000000000002,2563826.5622243737,2020,1
Lu,734,Tgru,Turnham Green,Station Entry / Exit,Gateline,2655.571428571428,2664.0000000000014,1302.6666666666672,971.25,2731.857142857143,2735.666666666667,1282.333333333333,1007.25,2563212.1798346075,2020,0
Lu,501,Baru,Barbican,Station Entry / Exit,Gateline,2847.0909090909086,2771.25,933.9999999999999,618.25,2817.636363636363,2744.75,910.3333333333336,637.5,2537108.221623373,2020,0
Lu,555,Dgeu,Dagenham East,Station Entry / Exit,Gateline,2782.9230769230753,2757.333333333331,1306.0,806.0,2558.384615384615,2460.0,1209.0,743.0,2490580.814325376,2020,0
Ezl,6876,Fogr,Forest Gate,Station Entry / Exit,Gateline,3354.0545454545436,3208.4100000000003,1969.92,1063.8000000000004,3144.209090909093,2990.1375000000003,1845.1125000000009,1048.95,2488244.4121043137,2020,1
Lu,649,Neau,Neasden,Station Entry / Exit,Gateline,2723.25,2702.5,1479.25,947.3333333333336,2450.083333333333,2393.5,1359.0,891.9999999999997,2478884.3435776737,2020,0
Ezl,6874,Cthr,Chadwell Heath,Station Entry / Exit,Gateline,3402.4909090909096,3321.36,1656.7199999999998,941.7599999999998,3199.063636363636,3077.55,1611.7499999999998,861.0000000000001,2469914.077192407,2020,1
Lu,596,Haru,Harlesden,Station Entry / Exit,Gateline,2698.8333333333335,2590.0,1263.3333333333335,774.6666666666666,2613.8333333333335,2481.0,1197.0000000000002,774.0000000000002,2464347.3636118798,2020,0
Lu,715,Stgu,Stepney Green,Station Entry / Exit,Gateline,2586.09090909091,2565.5,1630.0,898.0,2429.818181818183,2384.75,1807.0,893.0,2463107.5715818526,2020,0
Lu,736,Upmu,Upminster,Station Entry / Exit,Gateline,2610.1818181818176,2546.000000000001,1091.3333333333328,900.75,2601.727272727273,2563.666666666666,1131.3333333333333,949.75,2440979.923070841,2020,0
Lu,660,Nwpu,Northwick Park,Station Entry / Exit,Gateline,2619.8000000000015,2611.333333333333,1191.0,772.5,2589.3000000000006,2516.6666666666665,1162.9999999999998,765.0,2426206.3784264214,2020,0
Lu,616,Kenu,Kennington,Station Entry / Exit,Gateline,2472.785714285715,2620.0000000000005,1439.0,1097.0,2345.428571428572,2464.9999999999995,1442.0,1096.0,2398478.791073949,2020,0
Lu,755,Wbtu,West Brompton,Station Entry / Exit,Gateline,3368.792806455659,2189.7649304342303,2681.5075668649474,1382.2921622662893,1830.7248359752107,772.6984770437132,1247.889307696503,374.06226719368476,2391604.8996603857,2020,0
Lu,774,Erbu,Edgware Road (Bak),Station Entry / Exit,Gateline,2469.142857142856,2380.25,1372.25,768.9999999999999,2524.000000000002,2432.75,1363.5,765.9999999999999,2362853.529858633,2020,0
Lu,534,Crdu,Caledonian Road,Station Entry / Exit,Gateline,2373.0,2537.333333333334,1543.75,1136.5,2264.2142857142867,2383.3333333333335,1456.25,1129.0,2343113.644287519,2020,0
Lu,604,Higu,Highgate,Station Entry / Exit,Gateline,2319.3846153846143,2293.5,1407.6666666666665,996.25,2438.384615384615,2396.25,1524.6666666666663,1092.25,2341116.6507571065,2020,0
Lu,509,Agru,Arnos Grove,Station Entry / Exit,Gateline,2478.5384615384596,2489.5,1606.25,1092.5,2234.076923076924,2254.75,1412.0,1021.5,2340826.880689221,2020,0
Lu,683,Rayu,Rayners Lane,Station Entry / Exit,Gateline,2464.357142857143,2432.25,1333.5,892.0,2410.7142857142876,2371.25,1309.75,880.5,2336744.9277149327,2020,0
Lu,612,Hneu,Hounslow East,Station Entry / Exit,Gateline,2276.230769230768,2328.25,1531.25,1112.25,2374.23076923077,2405.75,1544.5,1104.5,2333767.8203888466,2020,0
Lu,712,Swfu,South Woodford,Station Entry / Exit,Gateline,2244.0000000000005,2154.999999999999,1304.0,811.5,2563.727272727272,2511.9999999999995,1452.0,905.75,2308573.8678016528,2020,0
Ezl,6878,Gmyr,Goodmayes,Station Entry / Exit,Gateline,3140.1900000000023,3064.7699999999986,1704.7799999999988,861.3000000000003,2933.000000000001,2815.837499999999,1588.9125000000004,791.6999999999999,2290993.6506486004,2020,1
Lo,5411,Wcyr,West Croydon Nr,Lo Boarding / Alighting,Loadweigh,3037.866666666667,3185.4000000000005,2478.7333333333336,1308.2666666666667,2949.533333333334,2980.4000000000005,2444.7999999999997,986.5333333333333,2289241.077354054,2020,1
Lo,686,Rmdu,Richmond,Lo Boarding / Alighting,Loadweigh,2769.3333333333326,2612.1333333333337,2446.9999999999995,1936.8000000000002,2949.266666666667,2656.3999999999996,2568.4666666666653,1867.7333333333331,2269847.270570687,2020,0
Lu,609,Hrdu,Holloway Road,Station Entry / Exit,Gateline,2219.500000000001,2248.0,1564.5,1149.0,2246.0,2207.25,1540.75,1149.0,2260557.0314611127,2020,0
Lu,594,Hmpu,Hampstead,Station Entry / Exit,Gateline,2140.4999999999986,2158.5,1569.6666666666665,1108.75,2273.000000000001,2214.75,1740.3333333333323,1249.25,2259516.1468751538,2020,0
Lu,754,Wbpu,Westbourne Park,Station Entry / Exit,Gateline,2410.818181818182,2439.333333333332,1332.5,905.25,2251.363636363636,2271.9999999999995,1206.75,884.25,2253686.356366355,2020,0
Lo,1440,Cmdr,Camden Road,Station Entry / Exit,Gateline,3068.897142857144,3089.07,2007.1800000000005,1214.1899999999994,2967.450000000001,2935.8000000000006,1884.2250000000004,1081.7625000000003,2226105.545624537,2020,0
Lu,591,Gunu,Gunnersbury,Station Entry / Exit,Gateline,2349.3846153846134,2288.0,1213.75,783.5,2232.5384615384614,2188.25,1206.25,782.25,2178993.021177934,2020,0
Lu,681,Qwyu,Queensway,Station Entry / Exit,Gateline,1942.571428571429,2153.333333333333,1624.0,1213.0000000000002,2016.2857142857135,2192.999999999999,1680.5,1239.0000000000002,2119882.339486094,2020,0
Lo,6941,Edrr,Edmonton Green,Lo Boarding / Alighting,Scaled,2813.032572730941,2827.028710619852,1665.3354061658151,1041.2680504030056,2958.811961620937,3100.6433828507315,1648.685669831034,1026.672081884799,2105087.2343729762,2020,1
Dlr,883,Eaid,East India,Station Entry / Exit,Apc,2384.115384615386,2401.75,1388.6666666666667,1098.0000000000005,2109.9230769230794,2097.375,1199.5000000000002,967.5000000000001,1703337.5717920742,2020,0
Lu,760,Wknu,West Kensington,Station Entry / Exit,Gateline,2185.083333333333,2243.333333333333,1301.5,983.3333333333334,2068.3333333333335,2033.0,1250.0,912.666666666667,2096566.3730281892,2020,0
Ezl,6893,Svkr,Seven Kings,Tfl Rail Boarding / Alighting,Scaled,2940.3481907176842,2779.9508090973927,1515.8387097377868,821.8933630127154,2639.253706679469,2460.0828779284557,1338.4251733001092,771.915988058156,2087123.0606858274,2020,1
Lo,1083,Sqer,Surrey Quays,Station Entry / Exit,Gateline,2972.700000000001,3063.4200000000005,1677.96,1076.3999999999996,2741.9,2849.175,1509.2000000000007,1019.1999999999999,2084074.3829282718,2020,0
Lo,5345,Nxgr,New Cross Gate,Lo Boarding / Alighting,Scaled,2675.5392482981965,2680.6341850265662,1842.820119831232,888.731821205375,3063.805388472005,2887.5469633661446,1774.920155257546,905.4895980028369,2076254.2730645186,2020,1
Lo,1443,Dljr,Dalston Junction,Station Entry / Exit,Gateline,2803.371428571428,3137.13,1563.84,1221.4800000000002,2684.775,3037.9124999999985,1568.6999999999998,1292.5499999999997,2069832.877379195,2020,0
Lu,505,Alpu,Alperton,Station Entry / Exit,Gateline,2072.538461538461,2086.25,1210.0000000000002,756.5,2194.6923076923076,2214.25,1211.666666666667,821.75,2064990.2866880489,2020,0
Lu,677,Prdu,Preston Road,Station Entry / Exit,Gateline,2118.166666666666,2151.0000000000005,1170.9999999999998,779.0,2088.5000000000005,2087.333333333334,1160.0,772.75,2030454.2699129314,2020,0
Dlr,895,Becd,Beckton,Station Entry / Exit,Apc,2025.1499999999987,1995.625,1365.0,886.8333333333335,2786.899999999998,2943.375,2023.0,1238.6666666666667,1866578.280763423,2020,0
Lu,602,Hbtu,High Barnet,Station Entry / Exit,Gateline,2262.4166666666674,2192.5,904.6666666666666,677.75,2132.5833333333335,2061.75,870.6666666666667,685.0,2028542.4410815802,2020,0
Lu,714,Stau,Stanmore,Station Entry / Exit,Gateline,2151.666666666667,2086.666666666666,1031.75,738.3333333333333,2144.4166666666656,2108.333333333334,1010.25,704.6666666666669,2021466.9041936991,2020,0
Lu,571,Epku,Elm Park,Station Entry / Exit,Gateline,2263.9230769230767,2094.5,867.0,522.0,2183.384615384615,2047.25,880.0,533.5,2007135.9496568106,2020,0
Lu,608,Hpku,Holland Park,Station Entry / Exit,Gateline,1997.1428571428567,1952.6666666666667,1138.6666666666667,871.0,2024.785714285715,1965.3333333333326,1343.666666666667,1112.25,1993894.33682451,2020,0
Lu,711,Swmu,South Wimbledon,Station Entry / Exit,Gateline,2096.923076923076,2024.0,1263.5,821.25,2013.3846153846157,1959.3333333333328,1193.75,777.5,1992804.314269199,2020,0
Lu,717,Spku,Stonebridge Park,Station Entry / Exit,Gateline,2182.0000000000005,2149.5,1137.9999999999998,591.6666666666666,2045.6363636363637,1985.5,1032.3333333333337,580.6666666666669,1982464.7913923676,2020,0
Lo,1409,Gpor,Gospel Oak,Station Entry / Exit,Gateline,2609.695384615385,2639.5200000000004,2230.5600000000004,1423.08,2428.811538461538,2454.2000000000003,1918.0000000000005,1250.2,1968123.9456229308,2020,0
Lu,771,Wspu,Woodside Park,Station Entry / Exit,Scaled,1930.1439793521567,1925.5989271377096,1021.2807531566602,754.5460120533363,2185.6424283799665,2210.0718417554585,928.6160121715178,749.2716968330142,1956317.8761090725,2020,0
Lo,1082,Sder,Shadwell Lo,Station Entry / Exit,Gateline,2688.2100000000005,2847.2400000000002,1554.4799999999998,1012.7699999999998,2570.7500000000014,2689.05,1685.5999999999997,1113.0,1956196.3097517805,2020,0
Lu,611,Hncu,Hounslow Central,Station Entry / Exit,Gateline,2012.0833333333335,2044.0,1237.0,846.0,1917.5833333333333,1972.75,1218.75,862.0000000000001,1947240.149816483,2020,0
Dlr,861,Soqd,South Quay,Station Entry / Exit,Apc,2639.250000000001,2568.6666666666674,1407.833333333333,966.3333333333333,2774.857142857144,2697.9999999999995,1494.5000000000005,954.6666666666665,1990713.469736454,2020,0
Lu,682,Rcpu,Ravenscourt Park,Station Entry / Exit,Gateline,2125.6153846153843,2110.25,800.0,631.25,2031.3846153846157,2052.5,794.0,637.0,1921494.1882209517,2020,0
Lu,572,Eppu,Epping,Station Entry / Exit,Scaled,1998.5221903098286,1937.2589766364815,999.1087858050612,669.1624824053606,2057.7628754645148,2030.9010036725072,996.1264698568976,623.9247809886338,1909071.6764426485,2020,0
Lu,595,Hlnu,Hanger Lane,Station Entry / Exit,Gateline,2047.7142857142856,2007.0,1121.5,716.75,1940.9999999999993,1888.5,1051.5,665.75,1904069.2340152063,2020,0
Lu,655,Nfdu,Northfields,Station Entry / Exit,Gateline,2014.5714285714287,1953.3333333333333,1036.0,746.25,1952.7142857142853,1904.9999999999993,1058.25,776.0,1899266.396294965,2020,0
Lu,738,Upyu,Upney,Station Entry / Exit,Gateline,2113.3999999999996,2043.25,999.5,580.5,1927.6000000000004,1864.75,851.0,487.5,1867665.585347126,2020,0
Lu,780,Hrcu,Heathrow Terminals 123 Lu,Station Entry / Exit,Gateline,1752.692307692307,1844.0,1605.0,2009.666666666666,1426.9999999999998,1707.0,1354.5,1438.0,1859318.355478049,2020,0
Dlr,854,Crod,Crossharbour,Station Entry / Exit,Apc,2533.884615384615,2634.375,1818.0000000000005,1291.3333333333326,2652.9230769230785,2772.375,1907.333333333333,1450.9999999999995,2051761.671550663,2020,0
Lo,1437,Bsyr,Brondesbury,Station Entry / Exit,Gateline,2519.4240000000023,2480.7599999999998,1750.1399999999992,1023.0299999999999,2408.4200000000005,2437.5749999999994,1638.7875000000001,988.0500000000001,1839585.4570132578,2020,0
Lu,613,Hnwu,Hounslow West,Station Entry / Exit,Gateline,1823.8888888888885,1809.5,1222.75,923.5,1804.7777777777783,1786.5,1202.25,935.0,1825754.0488553906,2020,0
Lu,621,Kewu,Kew Gardens,Station Entry / Exit,Gateline,1703.1666666666663,1725.5,1499.75,1022.6666666666666,1709.416666666667,1721.25,1490.25,1028.333333333333,1808584.7638227267,2020,0
Lo,1448,Knrr,Kensal Rise,Station Entry / Exit,Scaled,2368.2605189873434,2236.8682125590717,1832.0491996175374,839.8054820018937,2482.0293610076196,2372.4645332349824,1835.4933371792918,746.9258312645453,1791959.2339161853,2020,0
Dlr,928,Gred,Greenwich,Dlr Boarding / Alighting,Apc,2658.400000000002,2698.8333333333326,1856.5000000000002,1290.5000000000007,2633.3666666666654,2752.833333333333,2034.6666666666663,1353.6666666666677,2084916.068269246,2020,0
Lu,636,Ltnu,Loughton,Station Entry / Exit,Gateline,1745.3846153846152,1742.3333333333328,1181.3333333333328,750.0,1771.7692307692319,1809.3333333333326,1156.333333333333,737.5,1747510.139039877,2020,0
Lo,6867,Hacr,Hackney Downs,Lo Boarding / Alighting,Scaled,2202.9808567217738,2255.958981606885,1866.6260578850624,888.7599672724247,2252.566663409231,2395.5423097847556,1787.3129248378657,958.8946792003647,1715891.8481266976,2020,1
Lu,614,Hpcu,Hyde Park Corner,Station Entry / Exit,Gateline,1577.5454545454547,1509.0,1475.333333333333,914.6666666666665,1545.000000000001,1478.0,1714.9999999999998,1076.6666666666667,1689055.0688467138,2020,0
Ezl,6883,Mnpr,Manor Park,Station Entry / Exit,Gateline,2162.082857142857,2169.720000000001,1665.3599999999997,826.2000000000004,2020.4249999999995,2002.3500000000004,1548.4875000000006,855.7500000000003,1687628.6745168772,2020,1
Lu,746,Waru,Warwick Avenue,Station Entry / Exit,Gateline,1702.2000000000003,1724.5,1049.25,714.6666666666664,1684.7333333333333,1710.25,1134.75,770.0,1682784.6565079275,2020,0
Dlr,886,Rovd,Royal Victoria,Station Entry / Exit,Apc,2434.25,2834.5,2817.5,2134.0,2450.625,2708.5,2970.0,2107.5,2219789.3394056587,2020,0
Lu,540,Chfu,Chalk Farm,Station Entry / Exit,Gateline,1666.5,1718.75,1487.9999999999993,989.0,1465.7500000000002,1538.25,1245.6666666666667,828.5,1661515.5607591441,2020,0
Lo,5404,Bcyr,Brockley,Station Entry / Exit,Gateline,2334.9599999999996,2445.4800000000005,1210.1400000000003,868.0500000000001,2155.02,2236.499999999999,1142.4,836.0625,1633784.9717893775,2020,1
Lu,704,Selu,South Ealing,Station Entry / Exit,Gateline,1688.7142857142858,1703.0000000000007,995.25,651.0,1656.5714285714294,1661.3333333333333,969.75,667.25,1630781.9007455255,2020,0
Lu,685,Rpku,Regent'S Park,Station Entry / Exit,Gateline,1616.857142857143,1564.6666666666674,735.0,471.6666666666668,1817.1428571428569,1776.6666666666665,1065.0,680.6666666666666,1628977.296176673,2020,0
Lu,586,Gstu,Goodge Street,Station Entry / Exit,Gateline,1812.0909090909088,1719.5,582.0000000000001,328.00000000000006,1880.454545454546,1784.75,528.3333333333336,340.33333333333337,1625476.138932996,2020,0
Dlr,504,Stid,Stratford International Dlr,Station Entry / Exit,Apc,2992.6363636363644,3160.8333333333326,1799.1666666666658,1283.6666666666665,3025.363636363635,3121.5000000000005,1709.5000000000002,1228.3333333333335,2283992.9709861884,2020,0
Lu,553,Covu,Covent Garden,Station Entry / Exit,Gateline,1312.357142857143,1396.0,1452.0,1075.0,1492.5714285714282,1546.75,1794.5,1301.0,1621547.969800027,2020,0
Lu,561,Ecmu,Ealing Common,Station Entry / Exit,Gateline,1666.6153846153845,1687.0000000000002,940.75,679.3333333333334,1636.0769230769224,1653.3333333333335,931.25,681.6666666666669,1610900.9818102745,2020,0
Dlr,851,Bocd,Bow Church,Station Entry / Exit,Apc,3471.6538461538435,3421.0000000000005,2307.625,1680.125,2407.576923076924,2440.5000000000005,1759.5,1332.5,2291713.06992323,2020,0
Lo,6972,Slvr,Silver Street,Station Entry / Exit,Scaled,2230.8483046968,2215.410029186122,1165.0487479987842,638.8139863269068,2234.341330844885,2248.9024801067762,1204.3677716619527,668.7268966393151,1589687.2844316228,2020,1
Dlr,855,Heqd,Heron Quays,Station Entry / Exit,Apc,2839.545454545456,2766.9999999999995,2124.6666666666674,1703.8333333333337,2993.909090909089,2933.5000000000014,2205.166666666667,1638.5000000000002,2308726.892042099,2020,0
Lu,707,Shru,South Harrow,Station Entry / Exit,Gateline,1624.4285714285727,1588.6666666666665,857.3333333333336,576.6666666666665,1698.3571428571431,1621.6666666666663,920.0000000000001,593.0,1581955.9166470692,2020,0
Ezl,6879,Hror,Harold Wood,Station Entry / Exit,Gateline,2189.249999999999,2109.96,945.5400000000001,504.90000000000026,2117.8500000000013,2021.5999999999997,883.0500000000002,464.10000000000014,1573664.743837438,2020,1
Lu,684,Redu,Redbridge,Station Entry / Exit,Gateline,1721.8333333333323,1704.0,988.0,611.6666666666667,1534.7500000000005,1505.25,857.333333333334,537.6666666666665,1564819.5069779074,2020,0
Lu,779,Htxu,Hatton Cross,Station Entry / Exit,Gateline,1553.2857142857138,1508.75,972.25,837.3333333333337,1563.7142857142853,1554.25,992.0,833.3333333333335,1562318.1975902223,2020,0
Lu,620,Ketu,Kenton,Station Entry / Exit,Gateline,1712.4999999999993,1554.999999999999,913.3333333333333,505.0,1626.9166666666667,1487.0,892.6666666666666,507.0,1561990.7083922594,2020,0
Lu,536,Cstu,Cannon Street Lu,Station Entry / Exit,Gateline,1917.1333333333332,1758.5,590.3333333333333,374.9999999999999,1636.3999999999996,1499.5,490.66666666666663,318.0,1559861.14349956,2020,0
Lo,9586,Imwr,Imperial Wharf,Station Entry / Exit,Gateline,2354.31,2389.6800000000003,1001.1600000000002,499.5000000000001,2143.575000000001,2131.5,896.4375000000001,443.09999999999997,1547700.2807432972,2020,1
Lu,637,Mdvu,Maida Vale,Station Entry / Exit,Gateline,1599.454545454545,1611.0,970.0,642.0,1534.0,1539.25,952.0,642.5,1538572.2535633808,2020,0
Lo,5423,Pmrr,Peckham Rye,Lo Boarding / Alighting,Scaled,1809.5197126775054,1784.5900666047933,1222.595027237591,864.2153937947487,2247.0175039118153,2240.4144667824667,1391.6890191018126,1062.1538461538462,1518905.0854165226,2020,1
Lu,661,Nwdu,Northwood,Station Entry / Exit,Gateline,1679.9166666666667,1630.9999999999998,615.0,450.33333333333314,1657.416666666667,1583.3333333333328,609.25,428.33333333333354,1515209.319016221,2020,0
Lu,557,Debu,Debden,Station Entry / Exit,Gateline,1738.1538461538464,1606.6666666666665,614.0,383.6666666666668,1653.923076923077,1488.3333333333333,606.75,384.3333333333332,1512812.1797892184,2020,0
Lu,673,Peru,Perivale,Station Entry / Exit,Gateline,1584.7857142857147,1551.6666666666672,913.75,559.0,1541.714285714286,1506.6666666666667,893.75,551.0,1503989.716115198,2020,0
Lu,629,Lanu,Lancaster Gate,Station Entry / Exit,Gateline,1464.3000000000006,1486.333333333333,1157.75,932.25,1394.8,1430.6666666666667,1075.25,895.25,1503897.6650973922,2020,0
Lu,537,Cpku,Canons Park,Station Entry / Exit,Gateline,1607.6428571428573,1574.0,788.5,554.5,1563.0000000000002,1535.5,794.5,534.75,1501564.020063568,2020,0
Lu,775,Sbmu,Shepherd'S Bush Market,Station Entry / Exit,Gateline,1550.5000000000005,1574.6666666666665,972.3333333333333,668.3333333333337,1477.7857142857142,1464.0000000000002,932.0000000000001,678.6666666666667,1499389.6940990235,2020,0
Lo,5150,Nwxr,New Cross,Lo Boarding / Alighting,Loadweigh,1760.5999999999997,1901.1333333333334,1954.933333333333,688.5333333333333,1911.2,2064.5333333333338,2002.1333333333332,984.4,1492538.4695084908,2020,1
Lu,623,Kpku,Kilburn Park,Station Entry / Exit,Gateline,1497.461538461539,1525.5,938.25,672.0000000000002,1482.1538461538462,1533.25,939.75,661.3333333333335,1482189.1482917161,2020,0
Dlr,853,Lapd,Langdon Park,Station Entry / Exit,Apc,3423.1818181818167,3530.166666666665,2207.499999999999,1633.75,3037.363636363637,3051.6666666666656,2012.6666666666665,1388.75,2492349.187804684,2020,0
Lu,525,Boru,Borough,Station Entry / Exit,Gateline,1468.2857142857147,1535.75,1012.3333333333337,554.6666666666664,1447.571428571429,1517.5,1152.3333333333333,616.0000000000001,1471942.305998554,2020,0
Dlr,879,Cusd,Cutty Sark,Station Entry / Exit,Apc,2968.4615384615386,2918.125,2689.875,2349.25,3170.769230769232,3175.75,2710.5,2249.0,2561979.5128056603,2020,0
Lo,5356,Cypr,Crystal Palace,Lo Boarding / Alighting,Loadweigh,1691.5999999999997,2128.733333333333,1955.4666666666665,1001.6000000000004,1685.1999999999994,1839.266666666667,2017.0000000000005,1175.9333333333334,1455238.1829112563,2020,1
Lu,720,Shlu,Sudbury Hill,Station Entry / Exit,Gateline,1546.8000000000002,1557.75,812.9999999999999,523.6666666666667,1503.6999999999994,1482.25,776.3333333333336,491.3333333333333,1451605.6061361707,2020,0
Ezl,3187,Stlr,Southall,Tfl Rail Boarding / Alighting,Scaled,1866.3816840606653,1847.003972209648,968.4198774634998,549.934291543262,1940.8915383332883,1846.5829112187596,943.3982373076259,527.663683334562,1429087.6200034039,2020,1
Dlr,865,Wesd,Westferry,Station Entry / Exit,Apc,3160.666666666666,3301.25,2518.9999999999995,1825.9999999999995,3241.916666666666,3292.875,2518.1666666666665,1915.8333333333337,2579546.233282201,2020,0
Lo,1444,Eusr,Euston Nr,Lo Boarding / Alighting,Manual Count,1924.0000000000002,1926.493954631804,943.1921421387873,632.5077438819985,1931.9999999999993,1642.3089862985203,1710.165783886466,927.4325395964003,1420813.6105652037,2020,0
Lu,748,Watu,Watford,Station Entry / Exit,Gateline,1618.8571428571431,1523.3333333333333,487.3333333333332,340.25,1545.5000000000007,1483.3333333333333,499.6666666666666,317.25,1403495.2934124141,2020,0
Lu,687,Rkyu,Rickmansworth,Station Entry / Exit,Gateline,1586.142857142857,1544.6666666666667,501.25,331.33333333333326,1507.4285714285716,1477.0000000000005,524.5,330.6666666666666,1385889.777594819,2020,0
Lo,1024,Sdcr,Shoreditch High Street,Station Entry / Exit,Gateline,1908.3600000000004,2009.1600000000003,967.6800000000002,759.2400000000001,1884.15,2059.3999999999996,870.4500000000003,667.8,1376962.9964964073,2020,0
Lo,1445,Fnyr,Finchley Road & Frognal,Station Entry / Exit,Scaled,1916.2087899728285,1987.4673866662154,928.7910378171256,626.0450746470984,1927.3384163168475,1930.9870415124226,969.2447136134409,599.1546679646199,1370533.4925416848,2020,0
Lu,564,Eteu,Eastcote,Station Entry / Exit,Gateline,1506.9999999999993,1467.0,693.5,423.99999999999994,1438.3000000000002,1374.0,674.0,393.66666666666674,1365559.1470303133,2020,0
Ezl,6888,Snfr,Shenfield,Tfl Rail Boarding / Alighting,Loadweigh,1571.2000000000005,1870.7333333333331,904.6666666666666,549.4666666666666,1893.3333333333333,1871.6000000000001,1148.7333333333331,689.3333333333333,1365424.2306834115,2020,1
Lu,733,Tpku,Tufnell Park,Station Entry / Exit,Gateline,1406.4615384615383,1414.0,869.0,649.6666666666664,1337.4615384615388,1340.333333333333,779.75,670.9999999999999,1360666.5537318485,2020,0
Lu,675,Pinu,Pinner,Station Entry / Exit,Scaled,1448.3235853810995,1457.220149734017,670.0245067077151,465.842334542513,1457.0416331454448,1369.7994921992743,703.9506723792114,448.8026094276095,1360436.946998115,2020,0
Lu,599,Wdlu,Wood Lane,Station Entry / Exit,Gateline,1431.7142857142867,1435.25,614.3333333333337,441.9999999999999,1479.928571428571,1474.25,663.3333333333333,455.9999999999999,1359847.9377277691,2020,0
Lu,617,Kgnu,Kensal Green,Station Entry / Exit,Gateline,1414.6428571428573,1451.5,796.5,568.9999999999995,1358.1428571428569,1370.0,767.0,584.0000000000001,1354080.0816450359,2020,0
Lu,529,Btxu,Brent Cross,Station Entry / Exit,Gateline,1462.6428571428573,1445.5,756.9999999999999,574.0,1356.0000000000005,1284.5,673.0000000000001,562.6666666666667,1348185.7818565257,2020,0
Lu,648,Mcru,Mornington Crescent,Station Entry / Exit,Gateline,1501.416666666667,1436.0000000000002,717.3333333333337,488.0,1364.0833333333326,1290.0000000000002,596.3333333333333,391.5,1331040.0153531367,2020,0
Lu,724,Temu,Temple,Station Entry / Exit,Gateline,1583.6153846153845,1492.666666666666,320.0,255.33333333333334,1520.3846153846157,1413.333333333334,264.0,189.00000000000003,1323353.755366352,2020,0
Lu,713,Stbu,Stamford Brook,Station Entry / Exit,Gateline,1376.9999999999995,1438.3333333333344,711.9999999999999,535.5,1354.9285714285716,1388.6666666666663,670.6666666666669,510.5,1317071.526288517,2020,0
Lu,664,Oaku,Oakwood,Station Entry / Exit,Gateline,1331.9166666666672,1329.5,863.0,662.3333333333333,1279.2499999999998,1283.25,833.25,657.3333333333337,1310286.0512616895,2020,0
Lo,1023,Hoxr,Hoxton,Station Entry / Exit,Gateline,1921.3199999999995,1932.4799999999993,804.5999999999999,510.84000000000003,1834.274999999999,1833.6499999999996,728.6999999999999,548.0999999999999,1305814.602888029,2020,0
Lo,6978,Hkwr,Hackney Wick,Station Entry / Exit,Scaled,1848.9012167837843,1722.262657558673,1458.2619656865093,959.4513200585532,1508.8060680484657,1405.703907832415,1204.9068565626162,925.4666635711438,1294674.3070832512,2020,1
Lu,721,Stnu,Sudbury Town,Station Entry / Exit,Gateline,1432.5384615384614,1422.0,762.0,456.0000000000001,1253.692307692307,1205.0,685.0,438.66666666666674,1278124.024788977,2020,0
Ezl,6877,Gdpr,Gidea Park,Station Entry / Exit,Gateline,1910.1600000000005,1690.4699999999998,626.7600000000001,384.48,1699.8800000000003,1553.2124999999999,570.5000000000002,312.9000000000001,1273341.9688085667,2020,1
Lo,1022,Hggr,Haggerston,Station Entry / Exit,Gateline,1756.8514285714282,1915.5600000000004,965.52,623.1600000000003,1666.8,1838.8999999999999,941.8499999999999,605.8500000000001,1260312.082205193,2020,0
Lo,1441,Cnnr,Canonbury,Station Entry / Exit,Gateline,1761.1200000000006,1860.8400000000004,1186.3800000000003,812.1600000000001,1549.2400000000005,1574.9999999999998,1007.4750000000004,793.45,1255177.5873728823,2020,0
Lu,690,Royu,Royal Oak,Station Entry / Exit,Gateline,1336.6666666666667,1361.6666666666667,688.0,489.0,1268.9166666666667,1289.666666666667,656.75,469.0,1251187.5276184815,2020,0
Lu,610,Hchu,Hornchurch,Station Entry / Exit,Gateline,1382.0769230769233,1318.5,448.0,286.0,1402.769230769231,1363.5,499.0,322.5,1247419.2912046649,2020,0
Lu,671,Pryu,Park Royal,Station Entry / Exit,Gateline,1347.2857142857138,1285.0,595.3333333333333,344.99999999999994,1356.8571428571431,1320.0,614.9999999999999,361.33333333333326,1245849.8330228024,2020,0
Lo,618,Olyu,Kensington (Olympia),Lo Boarding / Alighting,Scaled,1754.6771906776569,1911.3567242287897,526.0048515025148,371.2952044179232,1895.970798166877,1952.5705008164136,541.260418342361,417.0252776973584,1239864.9079627742,2020,0
Lu,659,Nwbu,North Wembley,Station Entry / Exit,Gateline,1306.636363636364,1331.25,691.0,400.5,1264.181818181819,1312.25,670.3333333333334,372.0,1225091.5468555945,2020,0
Lo,6919,Hipr,Highams Park,Station Entry / Exit,Gateline,1830.6830769230771,1807.1099999999994,813.24,541.0799999999999,1632.184615384615,1621.7250000000004,762.6500000000002,504.26249999999993,1215998.15925553,2020,1
Ezl,3149,Rdgr,Reading,Tfl Rail Boarding / Alighting,Loadweigh,1313.7333333333336,1370.9999999999995,704.9333333333333,705.0666666666667,1673.3333333333337,1844.8666666666668,1104.6666666666667,841.7333333333332,1211828.8908637776,2020,1
Lo,5362,Fohr,Forest Hill,Lo Boarding / Alighting,Scaled,1592.044844343041,1577.1476737843748,893.3430488798708,697.7192610271368,1670.8758896293398,1763.8247607074507,952.8643979762614,704.3299777042089,1202542.6215300255,2020,1
Lu,628,Lamu,Lambeth North,Station Entry / Exit,Gateline,1244.5833333333328,1242.5,766.6666666666665,539.3333333333334,1175.0000000000002,1180.25,739.3333333333334,525.6666666666669,1195291.317267787,2020,0
Lu,703,Snbu,Snaresbrook,Station Entry / Exit,Gateline,1308.5333333333328,1273.5,601.75,433.6666666666668,1214.466666666667,1181.5,561.5,441.3333333333333,1185716.2412041023,2020,0
Lu,783,Hrvu,Heathrow Terminal 5 Lu,Station Entry / Exit,Gateline,1079.4285714285713,1096.0,1199.75,1451.25,807.9285714285712,1032.3333333333335,880.5,1069.5,1173176.5660147655,2020,0
Ezl,6872,Brer,Brentwood,Station Entry / Exit,Gateline,1691.136,1630.0799999999995,581.3100000000001,336.4200000000001,1568.2800000000002,1498.3500000000006,552.2999999999998,317.6249999999999,1168542.8591471366,2020,1
Lu,662,Nwhu,Northwood Hills,Station Entry / Exit,Gateline,1326.1428571428576,1234.0,536.6666666666662,331.66666666666663,1243.928571428571,1152.0,506.0,318.3333333333333,1165487.7771538652,2020,0
Lo,7404,Stor,South Tottenham,Station Entry / Exit,Gateline,1601.4240000000007,1566.5400000000004,874.8,616.6800000000002,1597.2600000000004,1557.4124999999997,878.0625000000002,612.1500000000004,1156263.743022853,2020,1
Ezl,3186,Hayr,Hayes & Harlington,Tfl Rail Boarding / Alighting,Scaled,1708.56582762901,1601.462574414427,889.0585065524189,541.2937626376522,1359.1219605774163,1264.0042825458456,652.7084295157232,384.2605384374981,1147933.33630699,2020,1
Lu,768,Wmpu,Wimbledon Park,Station Entry / Exit,Gateline,1154.5,1129.0,666.5,414.0,1214.9285714285718,1168.25,689.0,465.25,1140075.1211667627,2020,0
Lu,743,Wanu,Wanstead,Station Entry / Exit,Gateline,1145.3076923076924,1122.0,732.25,535.75,1161.2307692307693,1127.5,691.0,525.5,1137199.9080146556,2020,0
Lo,1404,Accr,Acton Central,Station Entry / Exit,Gateline,1560.75,1534.3333333333335,1026.75,620.0000000000001,1507.2500000000002,1494.9999999999995,959.25,612.6666666666667,1134052.2128626285,2020,0
Lu,630,Latu,Latimer Road,Station Entry / Exit,Gateline,1235.4999999999993,1224.9999999999993,533.0000000000001,366.0,1175.4999999999998,1183.3333333333333,487.66666666666663,359.5,1121245.1245024207,2020,0
Lo,7402,Lemr,Leyton Midland Road,Station Entry / Exit,Gateline,1561.834285714286,1585.08,905.3099999999998,542.7000000000002,1506.5250000000005,1522.4999999999995,832.6500000000001,525.7875000000001,1112804.293084971,2020,1
Ezl,3174,Wdtr,West Drayton,Station Entry / Exit,Gateline,1406.2478798236466,1361.6594835627332,691.0939140855241,485.12055705929635,1539.9522317764568,1502.7856290380248,701.1819634628889,413.5676766011563,1104777.8031822944,2020,1
Lo,5437,Sydr,Sydenham,Lo Boarding / Alighting,Scaled,1360.400321319246,1366.828199464401,764.9143652685623,522.4820408253199,1696.4260826882457,1794.0485037812248,762.8759719401128,557.2103799271047,1100736.4172717058,2020,1
Lo,1524,Uhlr,Upper Holloway,Station Entry / Exit,Scaled,1518.4786564090919,1577.2236907854583,949.2444475516897,654.1275632358598,1396.0381411150647,1383.6666303125887,891.6315663183547,642.7419295490553,1087744.313334225,2020,0
Lu,517,Bayu,Bayswater,Station Entry / Exit,Gateline,1104.4545454545457,1073.3333333333335,798.5,600.3333333333334,1034.1818181818178,1027.6666666666665,744.0,528.3333333333335,1086942.9242448283,2020,0
Ezl,6970,Mylr,Maryland,Station Entry / Exit,Gateline,1569.0236208182791,1526.0400000000009,891.5400000000002,455.0625000000003,1240.1903686488956,1275.4,749.1750000000002,421.7281249999999,1080903.522678449,2020,1
Lo,1449,Ktwr,Kentish Town West,Station Entry / Exit,Scaled,1579.9552434817638,1618.946879186486,1036.358433179657,598.6277302943968,1392.0439980880697,1368.0943490016584,730.5055009777049,369.47743034432415,1077455.4810896341,2020,0
Lo,5418,Hpar,Honor Oak Park,Station Entry / Exit,Gateline,1520.9999999999993,1609.9200000000003,696.33,436.8600000000001,1503.2499999999998,1545.2500000000005,660.975,449.40000000000003,1069321.3902563332,2020,1
Lu,545,Chpu,Chiswick Park,Station Entry / Exit,Gateline,1116.923076923077,1065.0000000000005,592.3333333333334,388.66666666666663,1177.0,1114.0000000000007,494.3333333333336,311.0000000000001,1067866.4277866287,2020,0
Lu,639,Manu,Mansion House,Station Entry / Exit,Gateline,1254.357142857143,1087.5,302.5,225.75,1243.1428571428569,1065.75,293.0,218.75,1067129.7473038926,2020,0
Lo,6959,Enfr,Enfield Town,Station Entry / Exit,Gateline,1550.1085714285712,1599.8399999999988,662.7600000000006,477.71999999999997,1460.9250000000004,1490.9999999999998,634.2000000000002,418.2499999999999,1058811.517958404,2020,1
Lo,7401,Hryr,Harringay Green Lanes,Station Entry / Exit,Scaled,1308.6546478711675,1321.8339330966326,1110.1759928249733,669.0415774386888,1379.395530193532,1369.8625362801556,1028.1479442513232,763.4172048397428,1043960.9125042155,2020,1
Lu,526,Bosu,Boston Manor,Station Entry / Exit,Gateline,1109.642857142857,1062.3333333333333,532.3333333333337,405.0,1095.8571428571436,1063.6666666666663,526.0000000000002,394.25,1041242.1687578909,2020,0
Lu,730,Totu,Totteridge & Whetstone,Station Entry / Exit,Gateline,1100.0000000000002,1126.3333333333335,561.0,366.5,1058.642857142857,1079.3333333333328,548.75,355.75,1030907.1660224851,2020,0
Lo,6956,Whlr,White Hart Lane,Station Entry / Exit,Gateline,1548.7658385093166,1503.36,619.9200000000001,400.95000000000016,1427.0554347826096,1419.9500000000007,604.2750000000002,376.68749999999994,1027467.547795598,2020,1
Lo,6914,Chir,Chingford,Station Entry / Exit,Gateline,1281.4199999999998,1266.5700000000002,1216.4399999999994,702.7199999999998,1233.4000000000005,1215.1125,1138.5499999999988,670.6000000000001,999111.1464993133,2020,1
Lu,510,Arlu,Arsenal,Station Entry / Exit,Gateline,1055.1666666666663,1087.5,757.25,576.6666666666665,883.0,891.25,630.25,546.3333333333335,999026.1558226437,2020,0
Lo,7408,Wnpr,Wanstead Park,Station Entry / Exit,Gateline,1394.64,1432.62,843.7499999999999,500.3999999999999,1330.0000000000007,1327.7249999999997,798.5249999999999,481.6000000000001,996648.752668675,2020,1
Lu,710,Srpu,South Ruislip,Station Entry / Exit,Gateline,1066.636363636364,1067.5,530.75,348.25,1028.909090909091,1023.0,529.0,327.75,992837.81694379,2020,0
Lu,693,Rumu,Ruislip Manor,Station Entry / Exit,Gateline,1072.0000000000002,1068.0000000000005,464.0,252.66666666666677,1081.1666666666665,1056.666666666667,451.25,262.33333333333337,988142.8931789885,2020,0
Lu,585,Ghru,Goldhawk Road,Station Entry / Exit,Gateline,1010.181818181818,1005.6666666666666,589.3333333333333,383.99999999999994,993.4545454545457,989.0000000000001,588.6666666666669,369.3333333333332,972027.8497855656,2020,0
Lo,7407,Wmwr,Walthamstow Queen'S Road,Station Entry / Exit,Manual Count,1286.0000000000011,1317.2687130059967,698.230717426968,445.84876033700857,1221.0000000000005,1264.670514296017,1303.341869908842,746.6744276462555,969516.9065774366,2020,1
Lu,709,Sktu,South Kenton,Station Entry / Exit,Scaled,895.1703851610928,907.2071991716653,572.6174905869127,348.28855950606237,1065.158921867631,1271.0962132487098,556.8311131231817,402.2645084966979,969470.5554096692,2020,0
Lu,667,Ostu,Osterley,Station Entry / Exit,Gateline,1011.4666666666669,990.25,552.9999999999999,434.99999999999983,973.6666666666665,956.75,560.6666666666664,400.6666666666667,963611.296933741,2020,0
Lu,656,Nhru,North Harrow,Station Entry / Exit,Gateline,1048.4666666666672,1035.25,465.3333333333332,282.5,1017.6000000000001,979.75,437.66666666666674,285.25,954512.4078660136,2020,0
Lu,691,Ruiu,Ruislip,Station Entry / Exit,Gateline,997.3000000000004,985.0000000000003,532.5,332.3333333333332,995.8,979.0000000000001,530.0,331.99999999999983,948688.4107779155,2020,0
Lo,6954,Wstr,Wood Street,Station Entry / Exit,Scaled,1393.2319650893223,1376.2369787585687,721.0485436893207,530.9291383347806,1222.2401255558464,1183.8307772271437,708.1359306128256,501.145592510634,947290.8309619337,2020,1
Dlr,862,Limd,Limehouse Dlr,Station Entry / Exit,Apc,4135.636363636358,4158.499999999999,2647.4999999999986,2132.25,6178.454545454547,6330.999999999999,3775.166666666665,2712.25,3958417.301387758,2020,0
Lo,5424,Qrpr,Queens Road Peckham,Station Entry / Exit,Scaled,1263.3599032377558,1011.2801207810902,937.2112089021026,613.3498877257562,1294.7663027081494,1049.3146773955875,936.7226619712292,612.2923848668977,942423.0182222677,2020,1
Lo,6958,Bcvr,Bruce Grove,Station Entry / Exit,Scaled,1428.026844657703,1380.321558935764,574.6803187915797,349.290855530188,1302.7714062929206,1242.4138439153176,561.0298991225319,314.71483409606526,936661.1244562306,2020,1
Lo,5301,Clpr,Clapham High Street,Station Entry / Exit,Scaled,1267.8413387832743,1192.1440360894019,693.5462185973032,432.6205710674875,1375.283243233476,1341.974750471219,640.3224143942151,442.6449714447181,936151.7108066346,2020,1
Lu,515,Bdeu,Barkingside,Station Entry / Exit,Gateline,975.7499999999997,947.3333333333333,465.5,254.66666666666666,996.2500000000001,971.9999999999998,469.5,267.6666666666666,915270.3508906461,2020,0
Dlr,860,Shad,Shadwell Dlr,Station Entry / Exit,Apc,5377.333333333333,5342.0,3071.75,2197.999999999999,5430.166666666666,5505.0,3115.625,2247.3333333333326,4061469.0205020406,2020,0
Lo,1438,Bspr,Brondesbury Park,Station Entry / Exit,Scaled,1305.160686259941,1381.9222236488145,587.3045300890709,387.22578427955284,1273.1332591900766,1323.0253086845637,547.6317475158731,409.4467832917641,913805.939751411,2020,0
Lo,6926,Cptr,Clapton,Station Entry / Exit,Scaled,1266.1318699653548,1287.515576804761,901.2772968440672,621.8653723905308,1105.8813916332042,1169.3711191244984,757.4420586503818,536.2777875363504,905095.3525698319,2020,1
Lo,1439,Cirr,Caledonian Road & Barnsbury,Station Entry / Exit,Scaled,1246.1147221064023,1248.2388978517622,718.1403646162257,320.5056110596668,1277.9128649140332,1273.910237285892,706.4485033836631,339.9137194324304,898928.5463391904,2020,0
Dlr,842,Cawd,Canary Wharf Dlr,Station Entry / Exit,Apc,5137.833333333332,5550.166666666668,4331.333333333334,2944.166666666665,5248.875000000001,5658.0,4194.166666666667,2836.6666666666656,4222389.17572277,2020,0
Dlr,940,Lewd,Lewisham Dlr,Station Entry / Exit,Apc,5376.833333333333,5415.000000000001,3531.75,2655.3333333333326,5566.699999999998,5690.166666666668,3651.5,2696.6666666666665,4236406.705938411,2020,0
Lo,6961,Betr,Bethnal Green Lo,Station Entry / Exit,Gateline,1201.2480000000003,1195.56,771.9300000000001,537.48,1191.47,1160.775,771.7500000000001,543.2000000000003,891334.9840198694,2020,1
Lu,550,Cfsu,Cockfosters,Station Entry / Exit,Gateline,901.8333333333331,848.3333333333335,613.3333333333334,477.0000000000001,857.0833333333335,826.9999999999999,622.6666666666669,452.9999999999999,886856.6799906272,2020,0
Lu,506,Ameu,Amersham,Station Entry / Exit,Gateline,980.4666666666666,897.5,315.25,228.25,965.0000000000007,917.75,304.0,202.5,863360.6576956959,2020,0
Lu,531,Bhlu,Buckhurst Hill,Station Entry / Exit,Gateline,926.333333333333,901.0000000000001,512.6666666666666,327.0,888.8888888888883,861.6666666666667,452.33333333333326,283.5,862043.6200563199,2020,0
Lu,606,Hdnu,Hillingdon,Station Entry / Exit,Gateline,944.2500000000003,887.6666666666667,348.75,253.0,897.6666666666669,875.0,373.0,242.5,840108.9246403254,2020,0
Lu,753,Wacu,West Acton,Station Entry / Exit,Gateline,913.1666666666664,892.0,445.6666666666665,295.9999999999999,863.7499999999999,824.9999999999998,419.6666666666668,295.6666666666666,835888.7395163052,2020,0
Lu,539,Clfu,Chalfont & Latimer,Station Entry / Exit,Scaled,977.3720477528731,870.8148293497298,323.4644410152179,180.15804718131585,868.1627696756595,825.8309796736551,319.77378223090267,190.43947321159212,818367.8579471433,2020,0
Lu,643,Mheu,Mill Hill East,Station Entry / Exit,Scaled,974.8471080862569,967.5879242979687,295.38746924850375,202.51321563760018,828.6681842065121,844.4033405654221,282.6982790051499,223.18736184366438,813925.8569482313,2020,0
Lo,6966,Lofr,London Fields,Station Entry / Exit,Scaled,989.1383120738457,961.4964589505898,769.4950052681821,634.4405644413895,959.847268935839,949.9511281939294,862.1027008008798,836.6473665042495,787175.7826635495,2020,1
Lu,737,Upbu,Upminster Bridge,Station Entry / Exit,Gateline,924.7142857142854,835.5,151.0,100.0,948.0000000000002,876.25,180.0,93.5,786732.7373457706,2020,0
Lo,7467,Wgrr,Woodgrange Park,Station Entry / Exit,Gateline,1078.611428571428,1111.3199999999997,810.54,486.0,975.8250000000002,955.4999999999998,723.4499999999998,401.4499999999998,778843.8208995188,2020,1
Lo,1085,Wper,Wapping,Station Entry / Exit,Gateline,1047.677142857143,1119.6,725.76,470.0700000000001,993.0,1027.9499999999998,674.7999999999996,469.6125000000001,775517.9477539452,2020,0
Lu,546,Cwdu,Chorleywood,Station Entry / Exit,Scaled,949.9015399378826,779.516096235807,287.8191259139073,245.40372253302792,778.0586838733021,698.2227408969433,303.12553453268066,260.6201708608318,769367.3546564657,2020,0
Lo,5376,Nwdr,Norwood Junction,Lo Boarding / Alighting,Scaled,1056.1901611093626,1045.5087987758227,562.4338814571989,440.09071577582574,989.6082463922158,1028.8420073981765,579.0167303715773,402.28442271395386,749301.0981634172,2020,1
Lo,7403,Lerr,Leytonstone High Road,Station Entry / Exit,Gateline,1034.254285714286,1056.96,616.1400000000002,430.5600000000001,993.3000000000005,978.2500000000001,563.0624999999999,381.8500000000001,742927.874639793,2020,1
Lo,7406,Crhr,Crouch Hill,Station Entry / Exit,Scaled,972.6011247702188,1023.8562053122557,750.245922057507,430.08172423545284,953.3794237589932,967.312685718662,676.8887872604539,417.32411394695583,733856.0589425816,2020,1
Lo,1455,Wfhr,Watford High Street,Station Entry / Exit,Gateline,1060.236,1053.54,507.2400000000003,371.52,969.2549999999998,948.4125000000003,471.1,321.82500000000005,720830.5404374242,2020,0
Lo,6973,Sjsr,St James Street,Station Entry / Exit,Gateline,988.3542857142858,1017.8999999999997,686.3400000000001,447.39,913.4250000000003,931.6124999999998,642.3375,410.54999999999984,719781.2289029872,2020,1
Lo,6934,Skwr,Stoke Newington,Station Entry / Exit,Scaled,1030.1642211944206,985.3251506440996,576.7746369127618,554.3708971198678,856.8833234971197,874.1198807576988,625.7084848050306,508.1861380335692,715508.4052869529,2020,1
Lo,1442,Cpkr,Carpenders Park,Station Entry / Exit,Gateline,995.1784615384614,1003.3200000000002,491.75999999999993,261.0000000000002,1002.6692307692308,997.1499999999997,492.45000000000016,267.04999999999984,702971.7634359864,2020,0
Lu,762,Wrpu,West Ruislip,Station Entry / Exit,Gateline,791.6666666666663,747.25,352.5,229.75,705.25,697.75,333.5,199.0,694477.1336240175,2020,0
Lu,759,Whru,West Harrow,Station Entry / Exit,Scaled,708.5085221928335,831.5544129113357,448.6360137333694,246.29784458348365,682.0252267250622,748.8162164221512,379.1693202222873,257.0400837531302,690468.91650872,2020,0
Lu,576,Flpu,Fairlop,Station Entry / Exit,Gateline,778.7000000000003,722.5,367.5,223.6666666666667,703.5000000000002,671.25,335.5,216.66666666666669,687861.851825166,2020,0
Lu,756,Wfyu,West Finchley,Station Entry / Exit,Gateline,755.9230769230771,698.3333333333335,332.25,249.99999999999994,727.230769230769,663.3333333333334,315.5,245.3333333333333,685418.4147489714,2020,0
Lo,1452,Satr,South Acton,Station Entry / Exit,Scaled,846.7858760788332,862.539955226751,600.9371431508434,589.2773397521993,849.7375684996831,877.8664863393861,621.3583781831186,776.9648218397455,682929.4647724249,2020,0
Ezl,9846,Hwvr,Heathrow Terminal 5 El,Tfl Rail Boarding / Alighting,Loadweigh,631.5333333333333,775.7333333333333,661.8666666666667,886.2666666666668,774.4000000000003,868.7333333333332,501.2,831.5999999999999,668011.2074858354,2020,1
Lo,1402,Wfjr,Watford Junction,Lo Boarding / Alighting,Manual Count,854.1999999999998,855.0000000000003,649.3999999999999,462.2,870.8000000000002,822.6000000000003,685.3999999999999,466.19999999999993,664956.526356344,2020,0
Ezl,3188,Wear,West Ealing,Tfl Rail Boarding / Alighting,Scaled,863.5490019909071,825.9089783277211,420.1878548418791,116.09566631075901,963.9947230631788,906.4580535445946,454.61242422245954,160.84468826915221,663903.0873281249,2020,1
Lo,6968,Smhr,Stamford Hill,Station Entry / Exit,Scaled,886.027734301329,900.802156324621,441.97789918111187,415.29212267375533,867.7755030273272,878.4920465607146,451.93561618090956,318.5057940792152,637757.7839196661,2020,1
Lo,6952,Turr,Turkey Street,Station Entry / Exit,Gateline,929.5476923076924,891.7199999999999,399.87,300.96000000000004,851.7923076923074,856.4499999999999,366.18750000000006,262.5,623317.4929928648,2020,1
Lu,543,Chmu,Chesham,Station Entry / Exit,Gateline,676.2500000000002,661.5,325.33333333333337,195.33333333333331,655.9166666666667,636.5,276.66666666666663,162.66666666666669,616341.7514138169,2020,0
Lo,6947,Sbur,Southbury,Station Entry / Exit,Gateline,845.3907692307695,830.1599999999999,467.28000000000014,258.12000000000006,873.0346153846154,880.9500000000002,478.7999999999998,272.73750000000007,615296.1603571302,2020,1
Lo,1039,Roer,Rotherhithe,Station Entry / Exit,Gateline,873.8999999999995,968.7600000000004,476.2800000000003,322.56,766.2375000000001,841.4000000000002,395.85,264.95000000000005,601764.7597812001,2020,0
Lu,646,Mpku,Moor Park,Station Entry / Exit,Gateline,699.2307692307689,648.9999999999999,154.99999999999997,120.99999999999999,668.8461538461537,635.0,178.00000000000006,114.33333333333331,593314.5629270289,2020,0
Lo,5397,Anyr,Anerley,Station Entry / Exit,Scaled,771.6357873748949,707.0558638705935,258.039913342844,378.1883875815892,815.7208520178955,771.2031856950925,269.1558165615482,410.504566852218,558736.7955469341,2020,1
Lu,615,Icku,Ickenham,Station Entry / Exit,Gateline,620.6428571428565,592.3333333333331,223.0,143.0,606.2142857142857,576.0000000000001,243.0,148.00000000000003,554519.3774607561,2020,0
Lu,692,Rugu,Ruislip Gardens,Station Entry / Exit,Gateline,631.8181818181821,615.3333333333335,227.66666666666669,161.99999999999994,576.4545454545455,557.3333333333335,215.33333333333334,154.66666666666666,549192.4650647156,2020,0
Lo,6962,Cbhr,Cambridge Heath,Station Entry / Exit,Scaled,664.9517268739844,686.7698116237963,407.96577210002937,420.1193451602748,686.1382023311415,623.8725266264385,435.38857057756013,443.4297972680138,516410.1269283755,2020,1
Lu,554,Crxu,Croxley,Station Entry / Exit,Gateline,575.4166666666664,582.3333333333334,148.5,103.0,589.3333333333333,588.0000000000003,165.0,111.25,515420.2018729173,2020,0
Lo,6913,Bhkr,Bush Hill Park,Station Entry / Exit,Scaled,801.3477302524511,674.0277752546834,358.83778843911307,207.53772816998355,692.0128109911792,662.148267319902,273.5909771591671,177.8672250270069,508104.43744596577,2020,1
Lu,654,Nelu,North Ealing,Station Entry / Exit,Gateline,576.9230769230768,577.25,221.66666666666666,141.66666666666666,532.3076923076924,529.75,191.66666666666663,149.66666666666666,507380.8527009693,2020,0
Dlr,573,Woad,Woolwich Arsenal,Station Entry / Exit,Apc,10471.545454545452,10533.666666666662,7086.16666666667,4376.5,10598.545454545445,10634.000000000002,7108.833333333333,4659.625,8083374.23727679,2020,0
Lu,725,Thbu,Theydon Bois,Station Entry / Exit,Gateline,487.3333333333331,470.0,394.6666666666666,253.5,463.91666666666686,448.5,416.6666666666669,260.0,493720.94463707966,2020,0
Lo,6967,Recr,Rectory Road,Station Entry / Exit,Scaled,698.3794221442058,445.7501992855357,376.82229341809335,258.05487514245385,674.3123675669196,434.4982358753478,410.82917027316927,265.00412469159096,468782.8757799881,2020,1
Lo,1415,Kbnr,Kilburn High Road,Station Entry / Exit,Gateline,593.46,619.1099999999998,382.5899999999999,284.5800000000001,581.325,584.5874999999999,359.625,275.09999999999997,441473.3257751558,2020,0
Lo,1434,Hdlr,Headstone Lane,Station Entry / Exit,Scaled,589.8123849743874,595.9399281933332,255.94746685795067,112.53420808892884,607.6458647733251,588.7890404651611,277.2001227686397,146.00715971083844,413101.26682147547,2020,0
Lo,5372,Wwrr,Wandsworth Road,Station Entry / Exit,Scaled,621.0564237433077,396.2044214267204,209.26169588707796,151.25135258117425,588.681589369179,422.97133660623274,262.26249375310294,180.5590180238348,393435.4296267804,2020,1
Lo,6949,Teor,Theobalds Grove,Station Entry / Exit,Gateline,580.956923076923,590.4000000000004,238.32000000000005,176.7600000000001,536.3884615384616,557.9,245.34999999999994,152.6,392946.5808023892,2020,1
Ezl,3191,Hanr,Hanwell,Station Entry / Exit,Scaled,458.5134401405669,426.3148017019173,190.65749652936537,21.035353535353526,642.556140987109,604.8790938500513,237.35377473606013,76.57575757575755,387664.01108520466,2020,1
Lo,5378,Pnwr,Penge West,Station Entry / Exit,Scaled,572.5862445446962,565.1375137513752,388.6222222222219,232.46773891032464,414.02953549381215,389.7349311114486,217.3306969846762,133.21243521935625,359405.99622199684,2020,1
Lo,1398,Hter,Hatch End,Station Entry / Exit,Gateline,533.88,513.54,187.64999999999998,113.39999999999993,525.0,504.7875000000001,190.31249999999994,103.94999999999996,356731.06176976155,2020,0
Lo,1451,Sohr,South Hampstead,Station Entry / Exit,Scaled,474.4404087505056,538.3439510071129,306.3571869432828,229.47156174792664,437.99045262824757,478.1670757071716,305.23966112398614,231.5206681085955,352021.6012460762,2020,0
Lu,587,Grhu,Grange Hill,Station Entry / Exit,Gateline,345.66666666666674,325.3333333333332,142.00000000000003,80.0,313.33333333333326,273.99999999999994,122.0,77.5,296722.9154732518,2020,0
Lo,1395,Bshr,Bushey,Lo Boarding / Alighting,Scaled,232.70093882051003,300.51701853816303,229.66027455905507,100.10893917738119,491.379416976217,330.7997365295146,300.47592756226527,121.57002142683275,261805.73980372126,2020,0
Lu,544,Chgu,Chigwell,Station Entry / Exit,Gateline,298.1666666666668,292.33333333333314,108.00000000000003,54.66666666666667,250.41666666666666,246.99999999999991,98.66666666666663,51.666666666666664,247222.48064817995,2020,0
Ezl,3172,Slor,Slough,Station Entry / Exit,Gateline,282.54461538461555,267.57000000000005,169.55999999999992,144.72000000000003,308.9423076923077,305.81249999999983,202.12499999999997,130.20000000000002,234409.7742168008,2020,1
Lo,6814,Chnr,Cheshunt,Lo Boarding / Alighting,Scaled,227.5028484356815,221.98571690166608,130.73387466441443,99.61614731230937,294.5291232777641,299.71464659222966,243.7250094054147,161.07976446086005,198951.0125645007,2020,1
Lu,688,Rodu,Roding Valley,Station Entry / Exit,Gateline,199.33175533370152,69.225262953679,162.054631508351,48.98756730080219,224.21130875127574,37.268581393989216,304.14373803132656,28.03441438294858,190163.2993719166,2020,0
Ezl,3000,Amlr,Acton Main Line,Station Entry / Exit,Scaled,253.16157587683503,236.82656583124543,135.4058661185747,50.03515845443762,225.967725192951,205.2487897278033,141.07853925176593,56.78062231986564,178777.47707902192,2020,1
Ezl,7090,Hxxr,Heathrow Terminals 2 & 3 El,Tfl Rail Boarding / Alighting,Scaled,152.96363463209377,183.1584724160182,144.1820689605454,243.5003985894282,113.77325945932185,151.37872339386553,82.52097665687428,91.99981009324854,129339.1579629517,2020,1
Lo,7473,Empr,Emerson Park,Station Entry / Exit,Scaled,188.72237340012072,176.2171769325094,80.92201213777007,46.39575308201433,155.09739353104314,127.77409259603672,106.69890553099471,50.24450514073712,119938.59435750141,2020,1
Ezl,3176,Bnmr,Burnham,Station Entry / Exit,Gateline,136.03676566595476,135.25093705325727,76.08459270844537,50.50880985886914,144.8569419848653,137.35666227161678,66.74861329049185,39.170382738018034,106257.76209830817,2020,1
Ezl,3147,Mair,Maidenhead,Station Entry / Exit,Gateline,134.21454545454543,123.47999999999992,91.80000000000001,67.49999999999997,120.94090909090914,114.10000000000002,96.075,48.300000000000004,102140.77288287437,2020,1
Ezl,3171,Lnyr,Langley,Station Entry / Exit,Gateline,117.24817639168411,113.38842695986564,48.49196461047404,38.73709210088546,104.67121739697376,97.66125156679735,40.005034406483574,26.388938235250244,81603.5339303514,2020,1
Ezl,3170,Ivrr,Iver,Station Entry / Exit,Gateline,62.190000000000026,60.84,34.019999999999996,12.420000000000002,52.237500000000004,50.75000000000002,30.449999999999992,13.125000000000004,43002.15828819944,2020,1
Ezl,3151,Tapr,Taplow,Station Entry / Exit,Gateline,28.040235053302034,24.406228524157196,6.900756752329241,10.309711888366904,30.555539325066334,29.535525934068275,7.22842686989064,8.100995442354769,20878.025430762053,2020,1
Ezl,3155,Twyr,Twyford,Station Entry / Exit,Gateline,17.35002709661445,17.752001448608766,4.629820341225523,3.1764392892930746,19.79472558582486,21.900794109098957,5.249524650731825,4.634094145221363,13406.757281642494,2020,1
Lo,5420,Bakr,Battersea Park,Lo Boarding / Alighting,Loadweigh,18.066666666666663,24.6,0.0,7.2,13.2,19.2,0.0,0.0,10747.72065646016,2020,1
Lu,781,Hrfu,Heathrow Terminal 4 Lu,Unknown,Unknown,,,,,,,,,,2020,0
Ezl,7091,Hafr,Heathrow Terminal 4 El,Unknown,Unknown,,,,,,,,,,2020,1
