id,entry_station,entry_time,entry_gate,exit_station,exit_time,exit_gate,travel_duration_mins
PID-9D54DF5F,Hauz Khas,2026-07-19 06:00:00,Gate 2,Kashmere Gate,2026-07-19 06:21:00,Gate 5,21
PID-E4D55B9D,Hauz Khas,2026-07-19 06:00:00,Gate 4,Botanical Garden,2026-07-19 06:48:00,Gate 1,48
PID-1999D3F0,INA,2026-07-19 06:01:00,Gate 3,Mandi House,2026-07-19 07:27:00,Gate 4,86
PID-275946ED,Yamuna Bank,2026-07-19 06:01:00,Gate 4,Botanical Garden,2026-07-19 06:48:00,Gate 5,47
PID-2F0BD783,Kashmere Gate,2026-07-19 06:01:00,Gate 3,Botanical Garden,2026-07-19 06:38:00,Gate 2,37
PID-655FD3A6,Rajiv Chowk,2026-07-19 06:02:00,Gate 4,Hauz Khas,2026-07-19 06:57:00,Gate 1,55
PID-4D3B70C1,Botanical Garden,2026-07-19 06:02:00,Gate 3,Dwarka Sector 21,2026-07-19 06:50:00,Gate 2,48
PID-973C188B,INA,2026-07-19 06:04:00,Gate 3,Rajiv Chowk,2026-07-19 06:43:00,Gate 4,39
PID-BED6E272,INA,2026-07-19 06:04:00,Gate 2,Rajiv Chowk,2026-07-19 07:09:00,Gate 4,65
PID-87C7716D,Botanical Garden,2026-07-19 06:06:00,Gate 1,INA,2026-07-19 06:18:00,Gate 1,12
PID-5578125B,Hauz Khas,2026-07-19 06:06:00,Gate 1,Mandi House,2026-07-19 06:26:00,Gate 4,20
PID-3A21CD4C,Yamuna Bank,2026-07-19 06:07:00,Gate 5,INA,2026-07-19 06:55:00,Gate 3,48
PID-F4B2D1BC,INA,2026-07-19 06:07:00,Gate 1,Yamuna Bank,2026-07-19 07:16:00,Gate 2,69
PID-16F6435D,Yamuna Bank,2026-07-19 06:07:00,Gate 1,Rajiv Chowk,2026-07-19 07:08:00,Gate 1,61
PID-642AF51D,Kashmere Gate,2026-07-19 06:08:00,Gate 3,Dwarka Sector 21,2026-07-19 06:29:00,Gate 1,21
PID-0CD6EF99,Hauz Khas,2026-07-19 06:11:00,Gate 2,Kashmere Gate,2026-07-19 07:32:00,Gate 1,81
PID-C5E7C72C,Rajiv Chowk,2026-07-19 06:11:00,Gate 3,INA,2026-07-19 06:31:00,Gate 1,20
PID-D678EB86,INA,2026-07-19 06:11:00,Gate 4,Kashmere Gate,2026-07-19 06:24:00,Gate 3,13
PID-58D0E339,Mandi House,2026-07-19 06:11:00,Gate 2,Dwarka Sector 21,2026-07-19 06:58:00,Gate 2,47
PID-1C126003,Yamuna Bank,2026-07-19 06:13:00,Gate 5,Kashmere Gate,2026-07-19 07:09:00,Gate 2,56
PID-6F5B0BCE,Botanical Garden,2026-07-19 06:13:00,Gate 4,Hauz Khas,2026-07-19 07:16:00,Gate 1,63
PID-CB4D3795,INA,2026-07-19 06:14:00,Gate 4,Botanical Garden,2026-07-19 07:23:00,Gate 1,69
PID-1965FB3E,Kashmere Gate,2026-07-19 06:15:00,Gate 1,Yamuna Bank,2026-07-19 06:45:00,Gate 2,30
PID-2D31CB2E,Botanical Garden,2026-07-19 06:15:00,Gate 4,INA,2026-07-19 07:43:00,Gate 1,88
PID-BA52F985,Yamuna Bank,2026-07-19 06:17:00,Gate 1,Dwarka Sector 21,2026-07-19 07:32:00,Gate 3,75
PID-9095E06E,Mandi House,2026-07-19 06:17:00,Gate 1,Dwarka Sector 21,2026-07-19 06:27:00,Gate 2,10
PID-0217745C,Yamuna Bank,2026-07-19 06:19:00,Gate 5,Rajiv Chowk,2026-07-19 06:31:00,Gate 5,12
PID-F1C623DD,Hauz Khas,2026-07-19 06:19:00,Gate 2,Yamuna Bank,2026-07-19 06:48:00,Gate 4,29
PID-3AE3A51B,Yamuna Bank,2026-07-19 06:20:00,Gate 4,Botanical Garden,2026-07-19 07:17:00,Gate 3,57
PID-0EC70A4D,Mandi House,2026-07-19 06:20:00,Gate 2,INA,2026-07-19 07:16:00,Gate 4,56
PID-71767B91,Mandi House,2026-07-19 06:21:00,Gate 5,Rajiv Chowk,2026-07-19 06:50:00,Gate 1,29
PID-55482AB6,Hauz Khas,2026-07-19 06:21:00,Gate 1,Dwarka Sector 21,2026-07-19 07:10:00,Gate 2,49
PID-B25F7AFD,Botanical Garden,2026-07-19 06:22:00,Gate 4,Rajiv Chowk,2026-07-19 07:05:00,Gate 4,43
PID-5A92EC8A,Botanical Garden,2026-07-19 06:22:00,Gate 4,Rajiv Chowk,2026-07-19 07:18:00,Gate 1,56
PID-8112A0F3,Botanical Garden,2026-07-19 06:23:00,Gate 3,Mandi House,2026-07-19 07:47:00,Gate 3,84
PID-AE8A4AE9,Yamuna Bank,2026-07-19 06:24:00,Gate 5,Botanical Garden,2026-07-19 07:27:00,Gate 5,63
PID-EEACC833,Hauz Khas,2026-07-19 06:25:00,Gate 5,INA,2026-07-19 06:40:00,Gate 2,15
PID-561B5C24,INA,2026-07-19 06:26:00,Gate 5,Kashmere Gate,2026-07-19 07:42:00,Gate 2,76
PID-E3A2E9A4,INA,2026-07-19 06:28:00,Gate 1,Dwarka Sector 21,2026-07-19 06:47:00,Gate 5,19
PID-14AC6E8A,Hauz Khas,2026-07-19 06:29:00,Gate 1,Kashmere Gate,2026-07-19 07:07:00,Gate 5,38
PID-09C6704E,Dwarka Sector 21,2026-07-19 06:29:00,Gate 1,Botanical Garden,2026-07-19 07:19:00,Gate 5,50
PID-C2DDF643,Dwarka Sector 21,2026-07-19 06:30:00,Gate 1,INA,2026-07-19 07:05:00,Gate 1,35
PID-C598D03E,Hauz Khas,2026-07-19 06:30:00,Gate 2,Rajiv Chowk,2026-07-19 07:09:00,Gate 1,39
PID-8EEDEB45,Dwarka Sector 21,2026-07-19 06:30:00,Gate 5,INA,2026-07-19 07:19:00,Gate 1,49
PID-BDE5D68A,Hauz Khas,2026-07-19 06:30:00,Gate 3,Dwarka Sector 21,2026-07-19 06:40:00,Gate 3,10
PID-83751D83,Botanical Garden,2026-07-19 06:32:00,Gate 5,Hauz Khas,2026-07-19 07:54:00,Gate 3,82
PID-D1EF2F53,Hauz Khas,2026-07-19 06:32:00,Gate 4,INA,2026-07-19 07:53:00,Gate 3,81
PID-97D48A72,Botanical Garden,2026-07-19 06:32:00,Gate 3,Rajiv Chowk,2026-07-19 06:54:00,Gate 1,22
PID-5B7091C8,INA,2026-07-19 06:33:00,Gate 3,Kashmere Gate,2026-07-19 08:01:00,Gate 3,88
PID-E6BDD2E6,Dwarka Sector 21,2026-07-19 06:34:00,Gate 5,Kashmere Gate,2026-07-19 08:01:00,Gate 5,87
PID-90C74F94,INA,2026-07-19 06:35:00,Gate 3,Mandi House,2026-07-19 07:45:00,Gate 1,70
PID-203E082C,Yamuna Bank,2026-07-19 06:35:00,Gate 4,Rajiv Chowk,2026-07-19 07:35:00,Gate 2,60
PID-485CCA14,Rajiv Chowk,2026-07-19 06:35:00,Gate 1,Kashmere Gate,2026-07-19 07:53:00,Gate 4,78
PID-6A3E316C,Hauz Khas,2026-07-19 06:38:00,Gate 4,Dwarka Sector 21,2026-07-19 07:09:00,Gate 3,31
PID-5F73F085,Kashmere Gate,2026-07-19 06:38:00,Gate 5,Dwarka Sector 21,2026-07-19 07:55:00,Gate 2,77
PID-6CC5AE4E,Botanical Garden,2026-07-19 06:39:00,Gate 3,INA,2026-07-19 08:03:00,Gate 3,84
PID-1749BDAA,Mandi House,2026-07-19 06:39:00,Gate 2,Kashmere Gate,2026-07-19 08:08:00,Gate 2,89
PID-7AE1B73C,Kashmere Gate,2026-07-19 06:42:00,Gate 5,Hauz Khas,2026-07-19 07:40:00,Gate 1,58
PID-D9B6FDB2,Dwarka Sector 21,2026-07-19 06:43:00,Gate 4,Hauz Khas,2026-07-19 07:55:00,Gate 3,72
PID-F3D1E67F,Dwarka Sector 21,2026-07-19 06:43:00,Gate 4,Yamuna Bank,2026-07-19 07:07:00,Gate 1,24
PID-98B30BE7,Yamuna Bank,2026-07-19 06:43:00,Gate 5,Hauz Khas,2026-07-19 07:38:00,Gate 3,55
PID-626C97A8,Hauz Khas,2026-07-19 06:45:00,Gate 3,Mandi House,2026-07-19 07:05:00,Gate 5,20
PID-E44F5BC7,Kashmere Gate,2026-07-19 06:47:00,Gate 5,INA,2026-07-19 07:05:00,Gate 4,18
PID-17C23B2F,Mandi House,2026-07-19 06:47:00,Gate 5,Dwarka Sector 21,2026-07-19 07:05:00,Gate 4,18
PID-926497F6,Dwarka Sector 21,2026-07-19 06:48:00,Gate 4,Yamuna Bank,2026-07-19 07:46:00,Gate 2,58
PID-A1C774DF,Yamuna Bank,2026-07-19 06:49:00,Gate 4,Kashmere Gate,2026-07-19 07:35:00,Gate 5,46
PID-CAB1C85E,Dwarka Sector 21,2026-07-19 06:49:00,Gate 5,INA,2026-07-19 07:05:00,Gate 4,16
PID-6DF48137,Mandi House,2026-07-19 06:49:00,Gate 2,Rajiv Chowk,2026-07-19 07:34:00,Gate 5,45
PID-8BB60996,Rajiv Chowk,2026-07-19 06:50:00,Gate 4,Mandi House,2026-07-19 07:09:00,Gate 1,19
PID-1D7D55C3,Botanical Garden,2026-07-19 06:50:00,Gate 4,Rajiv Chowk,2026-07-19 07:04:00,Gate 5,14
PID-118B2678,Rajiv Chowk,2026-07-19 06:52:00,Gate 1,Botanical Garden,2026-07-19 08:11:00,Gate 2,79
PID-C8AF84F6,Kashmere Gate,2026-07-19 06:52:00,Gate 2,Mandi House,2026-07-19 07:50:00,Gate 3,58
PID-ABABBB11,Rajiv Chowk,2026-07-19 06:52:00,Gate 3,Dwarka Sector 21,2026-07-19 08:14:00,Gate 2,82
PID-25BCD475,INA,2026-07-19 06:53:00,Gate 4,Mandi House,2026-07-19 07:46:00,Gate 4,53
PID-45DC072E,INA,2026-07-19 06:54:00,Gate 1,Dwarka Sector 21,2026-07-19 07:06:00,Gate 4,12
PID-52878E30,Botanical Garden,2026-07-19 06:54:00,Gate 2,Kashmere Gate,2026-07-19 07:30:00,Gate 4,36
PID-4E6E1724,Rajiv Chowk,2026-07-19 06:54:00,Gate 5,Hauz Khas,2026-07-19 07:23:00,Gate 3,29
PID-470D4AA9,Mandi House,2026-07-19 06:55:00,Gate 1,INA,2026-07-19 07:12:00,Gate 3,17
PID-0793D643,INA,2026-07-19 06:57:00,Gate 1,Dwarka Sector 21,2026-07-19 07:36:00,Gate 2,39
PID-9A222E8E,Hauz Khas,2026-07-19 06:57:00,Gate 3,Dwarka Sector 21,2026-07-19 07:40:00,Gate 5,43
PID-AD4C48C4,INA,2026-07-19 06:57:00,Gate 5,Yamuna Bank,2026-07-19 08:07:00,Gate 4,70
PID-A6BBE043,INA,2026-07-19 06:57:00,Gate 1,Rajiv Chowk,2026-07-19 08:13:00,Gate 2,76
PID-139A765B,Mandi House,2026-07-19 06:58:00,Gate 4,Yamuna Bank,2026-07-19 07:36:00,Gate 1,38
PID-745143BC,Dwarka Sector 21,2026-07-19 06:59:00,Gate 5,Mandi House,2026-07-19 08:26:00,Gate 4,87
PID-F9D4A1C0,Botanical Garden,2026-07-19 07:00:00,Gate 1,INA,2026-07-19 08:10:00,Gate 1,70
PID-B53CE9BD,Yamuna Bank,2026-07-19 07:00:00,Gate 5,Rajiv Chowk,2026-07-19 08:12:00,Gate 5,72
PID-DBBFFB7D,INA,2026-07-19 07:00:00,Gate 4,Botanical Garden,2026-07-19 07:41:00,Gate 3,41
PID-25CFB060,INA,2026-07-19 07:01:00,Gate 3,Dwarka Sector 21,2026-07-19 07:35:00,Gate 4,34
PID-5943A629,INA,2026-07-19 07:02:00,Gate 1,Rajiv Chowk,2026-07-19 08:00:00,Gate 3,58
PID-5694FACF,Yamuna Bank,2026-07-19 07:03:00,Gate 3,Rajiv Chowk,2026-07-19 08:18:00,Gate 2,75
PID-05077AC2,Yamuna Bank,2026-07-19 07:03:00,Gate 2,Botanical Garden,2026-07-19 07:49:00,Gate 3,46
PID-3EFED5B0,Kashmere Gate,2026-07-19 07:04:00,Gate 4,Hauz Khas,2026-07-19 07:56:00,Gate 4,52
PID-75A7D631,Mandi House,2026-07-19 07:05:00,Gate 4,Yamuna Bank,2026-07-19 07:17:00,Gate 2,12
PID-BF7ED504,Botanical Garden,2026-07-19 07:05:00,Gate 4,Yamuna Bank,2026-07-19 07:59:00,Gate 2,54
PID-2A7C059F,Mandi House,2026-07-19 07:05:00,Gate 3,Kashmere Gate,2026-07-19 08:19:00,Gate 1,74
PID-FCA3529F,Rajiv Chowk,2026-07-19 07:05:00,Gate 1,Mandi House,2026-07-19 07:43:00,Gate 2,38
PID-7DF74BFA,Dwarka Sector 21,2026-07-19 07:06:00,Gate 3,Mandi House,2026-07-19 07:43:00,Gate 1,37
PID-E7B4D623,INA,2026-07-19 07:07:00,Gate 1,Mandi House,2026-07-19 07:51:00,Gate 1,44
PID-E30CC288,Botanical Garden,2026-07-19 07:07:00,Gate 5,Hauz Khas,2026-07-19 08:29:00,Gate 2,82
PID-67E54A0C,INA,2026-07-19 07:07:00,Gate 3,Botanical Garden,2026-07-19 08:28:00,Gate 2,81
PID-BD5878E2,Yamuna Bank,2026-07-19 07:09:00,Gate 2,Botanical Garden,2026-07-19 08:25:00,Gate 2,76
PID-FA88D49D,Dwarka Sector 21,2026-07-19 07:10:00,Gate 5,Rajiv Chowk,2026-07-19 07:35:00,Gate 1,25
PID-33CFBD51,INA,2026-07-19 07:11:00,Gate 3,Hauz Khas,2026-07-19 07:36:00,Gate 5,25
PID-FB11C221,Botanical Garden,2026-07-19 07:12:00,Gate 2,Hauz Khas,2026-07-19 08:36:00,Gate 2,84
PID-3AA724F1,Yamuna Bank,2026-07-19 07:13:00,Gate 3,Rajiv Chowk,2026-07-19 08:15:00,Gate 2,62
PID-A4EB4E88,Hauz Khas,2026-07-19 07:14:00,Gate 1,INA,2026-07-19 07:33:00,Gate 3,19
PID-451B8AA0,Dwarka Sector 21,2026-07-19 07:16:00,Gate 2,Yamuna Bank,2026-07-19 08:13:00,Gate 4,57
PID-252A35AF,Dwarka Sector 21,2026-07-19 07:16:00,Gate 5,Yamuna Bank,2026-07-19 08:11:00,Gate 5,55
PID-A83929A9,INA,2026-07-19 07:17:00,Gate 1,Dwarka Sector 21,2026-07-19 08:21:00,Gate 2,64
PID-BC79B8D8,Rajiv Chowk,2026-07-19 07:18:00,Gate 5,Botanical Garden,2026-07-19 08:30:00,Gate 3,72
PID-EB188CF0,Mandi House,2026-07-19 07:19:00,Gate 5,Hauz Khas,2026-07-19 08:19:00,Gate 5,60
PID-3C99D7B0,Yamuna Bank,2026-07-19 07:19:00,Gate 4,Rajiv Chowk,2026-07-19 08:20:00,Gate 2,61
PID-EB07D77B,INA,2026-07-19 07:20:00,Gate 5,Yamuna Bank,2026-07-19 07:32:00,Gate 1,12
PID-F96FB86E,INA,2026-07-19 07:20:00,Gate 2,Kashmere Gate,2026-07-19 07:59:00,Gate 2,39
PID-8E92CFC8,Botanical Garden,2026-07-19 07:20:00,Gate 5,Kashmere Gate,2026-07-19 08:40:00,Gate 4,80
PID-4195D794,Botanical Garden,2026-07-19 07:20:00,Gate 2,Yamuna Bank,2026-07-19 07:48:00,Gate 3,28
PID-F2C07AFB,Yamuna Bank,2026-07-19 07:22:00,Gate 2,INA,2026-07-19 07:46:00,Gate 1,24
PID-B6D98345,Botanical Garden,2026-07-19 07:23:00,Gate 5,INA,2026-07-19 08:44:00,Gate 1,81
PID-82240D95,Mandi House,2026-07-19 07:24:00,Gate 3,Yamuna Bank,2026-07-19 08:15:00,Gate 3,51
PID-76C79856,Mandi House,2026-07-19 07:25:00,Gate 2,INA,2026-07-19 07:46:00,Gate 4,21
PID-76C09D93,Dwarka Sector 21,2026-07-19 07:25:00,Gate 4,Mandi House,2026-07-19 08:15:00,Gate 3,50
PID-A160E199,Dwarka Sector 21,2026-07-19 07:25:00,Gate 1,Yamuna Bank,2026-07-19 08:50:00,Gate 3,85
PID-8A4B1AED,Rajiv Chowk,2026-07-19 07:27:00,Gate 5,Mandi House,2026-07-19 07:45:00,Gate 1,18
PID-4A11E3B5,INA,2026-07-19 07:28:00,Gate 3,Botanical Garden,2026-07-19 08:33:00,Gate 5,65
PID-A857DD87,Botanical Garden,2026-07-19 07:29:00,Gate 1,Kashmere Gate,2026-07-19 08:51:00,Gate 2,82
PID-4FB093A5,Rajiv Chowk,2026-07-19 07:30:00,Gate 4,Yamuna Bank,2026-07-19 07:49:00,Gate 4,19
PID-13B9C637,Kashmere Gate,2026-07-19 07:31:00,Gate 4,Hauz Khas,2026-07-19 07:58:00,Gate 1,27
PID-49530B88,Yamuna Bank,2026-07-19 07:31:00,Gate 3,Mandi House,2026-07-19 08:40:00,Gate 2,69
PID-ACD32D7E,INA,2026-07-19 07:32:00,Gate 1,Hauz Khas,2026-07-19 07:49:00,Gate 3,17
PID-1EB59200,Botanical Garden,2026-07-19 07:32:00,Gate 3,Yamuna Bank,2026-07-19 08:02:00,Gate 4,30
PID-D21F8453,Dwarka Sector 21,2026-07-19 07:33:00,Gate 3,Yamuna Bank,2026-07-19 08:23:00,Gate 2,50
PID-0E1DCEBE,Rajiv Chowk,2026-07-19 07:33:00,Gate 2,Mandi House,2026-07-19 07:49:00,Gate 5,16
PID-56E8774E,Hauz Khas,2026-07-19 07:33:00,Gate 5,Kashmere Gate,2026-07-19 07:54:00,Gate 5,21
PID-9FCD938B,Kashmere Gate,2026-07-19 07:33:00,Gate 3,INA,2026-07-19 08:07:00,Gate 4,34
PID-0D76FA31,Mandi House,2026-07-19 07:34:00,Gate 1,Botanical Garden,2026-07-19 07:58:00,Gate 2,24
PID-3E463F3C,Dwarka Sector 21,2026-07-19 07:34:00,Gate 3,Rajiv Chowk,2026-07-19 08:34:00,Gate 1,60
PID-9F867DF7,Dwarka Sector 21,2026-07-19 07:34:00,Gate 3,Hauz Khas,2026-07-19 07:49:00,Gate 1,15
PID-B22E50F6,Botanical Garden,2026-07-19 07:34:00,Gate 4,INA,2026-07-19 08:08:00,Gate 3,34
PID-C4C653C7,Botanical Garden,2026-07-19 07:37:00,Gate 4,Yamuna Bank,2026-07-19 08:51:00,Gate 4,74
PID-4CBE2A4D,Kashmere Gate,2026-07-19 07:37:00,Gate 4,Mandi House,2026-07-19 08:05:00,Gate 1,28
PID-696511F7,Mandi House,2026-07-19 07:38:00,Gate 2,Hauz Khas,2026-07-19 08:30:00,Gate 5,52
PID-B649985D,Rajiv Chowk,2026-07-19 07:38:00,Gate 4,Yamuna Bank,2026-07-19 08:15:00,Gate 4,37
PID-80195BE0,Dwarka Sector 21,2026-07-19 07:39:00,Gate 3,Rajiv Chowk,2026-07-19 07:56:00,Gate 2,17
PID-BFF39CD1,Mandi House,2026-07-19 07:39:00,Gate 4,Yamuna Bank,2026-07-19 09:08:00,Gate 4,89
PID-BFDB6087,Dwarka Sector 21,2026-07-19 07:40:00,Gate 5,Yamuna Bank,2026-07-19 08:44:00,Gate 5,64
PID-0473639E,Mandi House,2026-07-19 07:40:00,Gate 4,Hauz Khas,2026-07-19 08:31:00,Gate 4,51
PID-6635F051,INA,2026-07-19 07:40:00,Gate 3,Mandi House,2026-07-19 08:30:00,Gate 5,50
PID-977037B1,Hauz Khas,2026-07-19 07:41:00,Gate 4,Rajiv Chowk,2026-07-19 08:33:00,Gate 1,52
PID-67B9F301,Dwarka Sector 21,2026-07-19 07:42:00,Gate 2,Kashmere Gate,2026-07-19 09:10:00,Gate 2,88
PID-6501A273,Botanical Garden,2026-07-19 07:42:00,Gate 3,Kashmere Gate,2026-07-19 08:41:00,Gate 5,59
PID-3B97BE52,Rajiv Chowk,2026-07-19 07:42:00,Gate 5,Kashmere Gate,2026-07-19 08:20:00,Gate 5,38
PID-A9D39F00,Kashmere Gate,2026-07-19 07:45:00,Gate 5,Dwarka Sector 21,2026-07-19 08:38:00,Gate 5,53
PID-E15C51F9,Hauz Khas,2026-07-19 07:45:00,Gate 4,Kashmere Gate,2026-07-19 07:57:00,Gate 5,12
PID-BAF4C562,Dwarka Sector 21,2026-07-19 07:46:00,Gate 4,INA,2026-07-19 09:01:00,Gate 4,75
PID-4B9183E0,Dwarka Sector 21,2026-07-19 07:47:00,Gate 1,Mandi House,2026-07-19 07:58:00,Gate 3,11
PID-1281C679,Botanical Garden,2026-07-19 07:47:00,Gate 4,Rajiv Chowk,2026-07-19 09:16:00,Gate 1,89
PID-F74286FC,Kashmere Gate,2026-07-19 07:47:00,Gate 5,Rajiv Chowk,2026-07-19 08:00:00,Gate 1,13
PID-8A2B1F33,INA,2026-07-19 07:47:00,Gate 1,Rajiv Chowk,2026-07-19 08:22:00,Gate 4,35
PID-FE596D63,Botanical Garden,2026-07-19 07:48:00,Gate 1,Mandi House,2026-07-19 09:13:00,Gate 3,85
PID-175FF175,Rajiv Chowk,2026-07-19 07:48:00,Gate 2,INA,2026-07-19 09:00:00,Gate 4,72
PID-D1859E0B,Mandi House,2026-07-19 07:50:00,Gate 4,INA,2026-07-19 08:55:00,Gate 2,65
PID-444688FB,Hauz Khas,2026-07-19 07:51:00,Gate 1,Dwarka Sector 21,2026-07-19 08:54:00,Gate 2,63
PID-611F0BE8,Mandi House,2026-07-19 07:53:00,Gate 1,Botanical Garden,2026-07-19 09:06:00,Gate 5,73
PID-FBACE23E,Botanical Garden,2026-07-19 07:53:00,Gate 5,Yamuna Bank,2026-07-19 08:42:00,Gate 4,49
PID-2A59B009,Yamuna Bank,2026-07-19 07:54:00,Gate 1,Dwarka Sector 21,2026-07-19 09:19:00,Gate 3,85
PID-35C75988,Yamuna Bank,2026-07-19 07:56:00,Gate 5,INA,2026-07-19 08:16:00,Gate 2,20
PID-6FC089D4,Botanical Garden,2026-07-19 07:58:00,Gate 5,INA,2026-07-19 08:58:00,Gate 5,60
PID-564E8083,Mandi House,2026-07-19 07:58:00,Gate 4,Kashmere Gate,2026-07-19 09:26:00,Gate 4,88
PID-0BCF7435,Rajiv Chowk,2026-07-19 07:59:00,Gate 1,Mandi House,2026-07-19 08:42:00,Gate 5,43
PID-C69EF7FE,Rajiv Chowk,2026-07-19 07:59:00,Gate 4,Hauz Khas,2026-07-19 08:57:00,Gate 4,58
PID-CEAE2EFB,INA,2026-07-19 08:00:00,Gate 2,Botanical Garden,2026-07-19 09:22:00,Gate 4,82
PID-C7A1E19B,Rajiv Chowk,2026-07-19 08:01:00,Gate 2,Dwarka Sector 21,2026-07-19 09:17:00,Gate 4,76
PID-0AF2425F,Kashmere Gate,2026-07-19 08:01:00,Gate 2,Yamuna Bank,2026-07-19 08:45:00,Gate 3,44
PID-504ACD39,Hauz Khas,2026-07-19 08:01:00,Gate 4,INA,2026-07-19 08:47:00,Gate 3,46
PID-8726378D,Dwarka Sector 21,2026-07-19 08:02:00,Gate 5,INA,2026-07-19 09:15:00,Gate 3,73
PID-430B2EFF,Kashmere Gate,2026-07-19 08:03:00,Gate 3,Rajiv Chowk,2026-07-19 09:02:00,Gate 5,59
PID-D498CA9D,Rajiv Chowk,2026-07-19 08:03:00,Gate 4,Dwarka Sector 21,2026-07-19 09:17:00,Gate 3,74
PID-3C195AA8,Mandi House,2026-07-19 08:04:00,Gate 2,Yamuna Bank,2026-07-19 08:43:00,Gate 4,39
PID-5443D571,Kashmere Gate,2026-07-19 08:04:00,Gate 2,Hauz Khas,2026-07-19 08:59:00,Gate 2,55
PID-A98DAC32,Rajiv Chowk,2026-07-19 08:05:00,Gate 3,INA,2026-07-19 09:28:00,Gate 2,83
PID-E83FA5A0,Yamuna Bank,2026-07-19 08:05:00,Gate 2,Botanical Garden,2026-07-19 08:58:00,Gate 2,53
PID-B1B1FD05,Yamuna Bank,2026-07-19 08:05:00,Gate 3,Botanical Garden,2026-07-19 08:24:00,Gate 5,19
PID-C61C6B0B,Hauz Khas,2026-07-19 08:06:00,Gate 1,Rajiv Chowk,2026-07-19 09:09:00,Gate 4,63
PID-9DD1874D,Hauz Khas,2026-07-19 08:06:00,Gate 3,Mandi House,2026-07-19 09:16:00,Gate 2,70
PID-4F757179,Yamuna Bank,2026-07-19 08:06:00,Gate 1,Hauz Khas,2026-07-19 09:28:00,Gate 1,82
PID-C1832DE8,Hauz Khas,2026-07-19 08:07:00,Gate 2,Botanical Garden,2026-07-19 08:46:00,Gate 2,39
PID-1567C638,Yamuna Bank,2026-07-19 08:07:00,Gate 2,Botanical Garden,2026-07-19 09:05:00,Gate 1,58
PID-3FFC85EF,Dwarka Sector 21,2026-07-19 08:07:00,Gate 2,Hauz Khas,2026-07-19 09:29:00,Gate 2,82
PID-5E7344C4,Kashmere Gate,2026-07-19 08:07:00,Gate 2,Yamuna Bank,2026-07-19 09:34:00,Gate 5,87
PID-59F468A8,Hauz Khas,2026-07-19 08:08:00,Gate 3,INA,2026-07-19 09:19:00,Gate 5,71
PID-251F0941,Rajiv Chowk,2026-07-19 08:08:00,Gate 2,Dwarka Sector 21,2026-07-19 08:19:00,Gate 2,11
PID-612B12EB,Rajiv Chowk,2026-07-19 08:08:00,Gate 3,Hauz Khas,2026-07-19 09:31:00,Gate 5,83
PID-6D639736,Hauz Khas,2026-07-19 08:08:00,Gate 5,Dwarka Sector 21,2026-07-19 09:15:00,Gate 1,67
PID-EF1EF578,Botanical Garden,2026-07-19 08:08:00,Gate 4,Mandi House,2026-07-19 08:56:00,Gate 3,48
PID-722019FA,INA,2026-07-19 08:08:00,Gate 1,Kashmere Gate,2026-07-19 08:58:00,Gate 5,50
PID-A6B18055,Dwarka Sector 21,2026-07-19 08:09:00,Gate 5,Yamuna Bank,2026-07-19 08:39:00,Gate 3,30
PID-6E9F87EE,Mandi House,2026-07-19 08:09:00,Gate 1,Kashmere Gate,2026-07-19 09:15:00,Gate 4,66
PID-7CC3A63E,Yamuna Bank,2026-07-19 08:09:00,Gate 3,Dwarka Sector 21,2026-07-19 09:19:00,Gate 3,70
PID-99C766F2,Botanical Garden,2026-07-19 08:10:00,Gate 2,Hauz Khas,2026-07-19 08:39:00,Gate 5,29
PID-ABBB4AFA,Mandi House,2026-07-19 08:11:00,Gate 3,INA,2026-07-19 08:22:00,Gate 4,11
PID-0E88475A,Rajiv Chowk,2026-07-19 08:11:00,Gate 1,Mandi House,2026-07-19 09:17:00,Gate 5,66
PID-DC46E3BC,Hauz Khas,2026-07-19 08:11:00,Gate 2,Rajiv Chowk,2026-07-19 08:32:00,Gate 2,21
PID-00E2ACF1,Kashmere Gate,2026-07-19 08:11:00,Gate 4,Yamuna Bank,2026-07-19 09:11:00,Gate 5,60
PID-6BFAB070,Rajiv Chowk,2026-07-19 08:12:00,Gate 2,Hauz Khas,2026-07-19 08:30:00,Gate 3,18
PID-31DE30C6,Dwarka Sector 21,2026-07-19 08:14:00,Gate 4,Hauz Khas,2026-07-19 08:50:00,Gate 5,36
PID-CDE5F7B1,Mandi House,2026-07-19 08:14:00,Gate 1,Hauz Khas,2026-07-19 09:42:00,Gate 5,88
PID-605698B2,INA,2026-07-19 08:15:00,Gate 2,Botanical Garden,2026-07-19 08:48:00,Gate 2,33
PID-F9F1242A,INA,2026-07-19 08:15:00,Gate 2,Botanical Garden,2026-07-19 09:28:00,Gate 2,73
PID-764516EA,Dwarka Sector 21,2026-07-19 08:15:00,Gate 5,Yamuna Bank,2026-07-19 08:55:00,Gate 1,40
PID-9DB1959C,Rajiv Chowk,2026-07-19 08:15:00,Gate 4,Botanical Garden,2026-07-19 09:00:00,Gate 3,45
PID-E0D61AE0,Dwarka Sector 21,2026-07-19 08:16:00,Gate 4,Mandi House,2026-07-19 09:32:00,Gate 5,76
PID-5CC676EF,Mandi House,2026-07-19 08:16:00,Gate 5,Rajiv Chowk,2026-07-19 09:28:00,Gate 4,72
PID-0A40A51D,Dwarka Sector 21,2026-07-19 08:17:00,Gate 5,Yamuna Bank,2026-07-19 09:46:00,Gate 4,89
PID-F095F1B6,Kashmere Gate,2026-07-19 08:18:00,Gate 1,Yamuna Bank,2026-07-19 09:23:00,Gate 4,65
PID-ED07E03B,Botanical Garden,2026-07-19 08:18:00,Gate 3,Dwarka Sector 21,2026-07-19 09:10:00,Gate 3,52
PID-22E23898,Mandi House,2026-07-19 08:18:00,Gate 1,Yamuna Bank,2026-07-19 08:38:00,Gate 3,20
PID-AD53268C,Botanical Garden,2026-07-19 08:19:00,Gate 4,Mandi House,2026-07-19 09:18:00,Gate 1,59
PID-A2A9E6C0,INA,2026-07-19 08:20:00,Gate 3,Rajiv Chowk,2026-07-19 09:21:00,Gate 4,61
PID-67054704,Rajiv Chowk,2026-07-19 08:20:00,Gate 2,Yamuna Bank,2026-07-19 08:56:00,Gate 3,36
PID-1FF24349,Hauz Khas,2026-07-19 08:20:00,Gate 2,Yamuna Bank,2026-07-19 08:38:00,Gate 1,18
PID-836B44EF,Mandi House,2026-07-19 08:21:00,Gate 1,INA,2026-07-19 09:32:00,Gate 4,71
PID-DD5B3A9F,Hauz Khas,2026-07-19 08:21:00,Gate 3,Mandi House,2026-07-19 08:36:00,Gate 2,15
PID-D3C5E4FF,Yamuna Bank,2026-07-19 08:22:00,Gate 3,Rajiv Chowk,2026-07-19 09:44:00,Gate 1,82
PID-47FD7573,Botanical Garden,2026-07-19 08:24:00,Gate 5,Hauz Khas,2026-07-19 08:36:00,Gate 2,12
PID-3F10ECB1,Botanical Garden,2026-07-19 08:24:00,Gate 1,INA,2026-07-19 09:41:00,Gate 5,77
PID-115A8EA0,Botanical Garden,2026-07-19 08:24:00,Gate 1,Mandi House,2026-07-19 09:33:00,Gate 4,69
PID-F8523C37,Rajiv Chowk,2026-07-19 08:24:00,Gate 5,Dwarka Sector 21,2026-07-19 09:36:00,Gate 3,72
PID-C736A8E9,Mandi House,2026-07-19 08:25:00,Gate 1,Rajiv Chowk,2026-07-19 09:32:00,Gate 4,67
PID-19A4FFD5,Kashmere Gate,2026-07-19 08:25:00,Gate 2,Hauz Khas,2026-07-19 09:37:00,Gate 4,72
PID-10459F75,Hauz Khas,2026-07-19 08:25:00,Gate 3,INA,2026-07-19 09:02:00,Gate 1,37
PID-FF470E99,Rajiv Chowk,2026-07-19 08:25:00,Gate 1,Botanical Garden,2026-07-19 09:04:00,Gate 5,39
PID-A46B7F1F,Mandi House,2026-07-19 08:28:00,Gate 1,Kashmere Gate,2026-07-19 09:31:00,Gate 2,63
PID-E62463F4,Dwarka Sector 21,2026-07-19 08:32:00,Gate 1,Kashmere Gate,2026-07-19 09:58:00,Gate 3,86
PID-4523E37F,Rajiv Chowk,2026-07-19 08:33:00,Gate 5,Dwarka Sector 21,2026-07-19 09:51:00,Gate 2,78
PID-CB60EFDE,Botanical Garden,2026-07-19 08:34:00,Gate 2,Dwarka Sector 21,2026-07-19 08:45:00,Gate 5,11
PID-A6901EFD,Botanical Garden,2026-07-19 08:36:00,Gate 3,Yamuna Bank,2026-07-19 09:25:00,Gate 1,49
PID-CA94AB46,Botanical Garden,2026-07-19 08:37:00,Gate 4,INA,2026-07-19 09:52:00,Gate 3,75
PID-C8412214,Kashmere Gate,2026-07-19 08:37:00,Gate 4,Dwarka Sector 21,2026-07-19 09:47:00,Gate 2,70
PID-09387749,Hauz Khas,2026-07-19 08:38:00,Gate 2,Botanical Garden,2026-07-19 09:37:00,Gate 2,59
PID-0849942A,Dwarka Sector 21,2026-07-19 08:38:00,Gate 4,Rajiv Chowk,2026-07-19 08:49:00,Gate 5,11
PID-556A018E,Botanical Garden,2026-07-19 08:41:00,Gate 5,Dwarka Sector 21,2026-07-19 09:17:00,Gate 4,36
PID-3E9A2F8C,Mandi House,2026-07-19 08:41:00,Gate 5,Rajiv Chowk,2026-07-19 10:09:00,Gate 2,88
PID-91FB4961,Kashmere Gate,2026-07-19 08:42:00,Gate 4,Mandi House,2026-07-19 09:05:00,Gate 1,23
PID-2D18A2C8,Hauz Khas,2026-07-19 08:42:00,Gate 5,Rajiv Chowk,2026-07-19 08:55:00,Gate 2,13
PID-AAE056BC,Botanical Garden,2026-07-19 08:42:00,Gate 3,INA,2026-07-19 09:47:00,Gate 2,65
PID-301B8C46,Hauz Khas,2026-07-19 08:42:00,Gate 4,Dwarka Sector 21,2026-07-19 10:01:00,Gate 1,79
PID-58A58EED,INA,2026-07-19 08:43:00,Gate 3,Hauz Khas,2026-07-19 09:58:00,Gate 4,75
PID-F67ED98E,Mandi House,2026-07-19 08:43:00,Gate 2,Botanical Garden,2026-07-19 10:01:00,Gate 3,78
PID-9DE60DD2,Dwarka Sector 21,2026-07-19 08:44:00,Gate 4,Mandi House,2026-07-19 08:59:00,Gate 4,15
PID-22DFD157,INA,2026-07-19 08:44:00,Gate 2,Kashmere Gate,2026-07-19 10:05:00,Gate 3,81
PID-D1DE7DCB,Rajiv Chowk,2026-07-19 08:44:00,Gate 4,Hauz Khas,2026-07-19 10:07:00,Gate 1,83
PID-0D30F9B0,Botanical Garden,2026-07-19 08:45:00,Gate 5,Hauz Khas,2026-07-19 09:42:00,Gate 5,57
PID-CA80892B,Kashmere Gate,2026-07-19 08:46:00,Gate 5,Hauz Khas,2026-07-19 09:53:00,Gate 3,67
PID-3A8328A8,Dwarka Sector 21,2026-07-19 08:46:00,Gate 5,Mandi House,2026-07-19 09:01:00,Gate 5,15
PID-BD731D02,INA,2026-07-19 08:47:00,Gate 5,Yamuna Bank,2026-07-19 09:45:00,Gate 4,58
PID-FA86DCAC,Botanical Garden,2026-07-19 08:47:00,Gate 3,Yamuna Bank,2026-07-19 09:01:00,Gate 3,14
PID-EC897FEA,Mandi House,2026-07-19 08:48:00,Gate 5,Kashmere Gate,2026-07-19 10:07:00,Gate 3,79
PID-CB86CAFB,Rajiv Chowk,2026-07-19 08:49:00,Gate 4,Mandi House,2026-07-19 09:54:00,Gate 3,65
PID-70099213,Botanical Garden,2026-07-19 08:50:00,Gate 1,INA,2026-07-19 10:02:00,Gate 5,72
PID-9FA5E8EA,Kashmere Gate,2026-07-19 08:50:00,Gate 4,Mandi House,2026-07-19 09:25:00,Gate 4,35
PID-62E21A6A,Dwarka Sector 21,2026-07-19 08:50:00,Gate 4,INA,2026-07-19 10:17:00,Gate 3,87
PID-5E44091D,Kashmere Gate,2026-07-19 08:51:00,Gate 3,Rajiv Chowk,2026-07-19 09:15:00,Gate 1,24
PID-B7AA7EC0,Botanical Garden,2026-07-19 08:54:00,Gate 1,Mandi House,2026-07-19 09:43:00,Gate 5,49
PID-993B21E8,Hauz Khas,2026-07-19 08:56:00,Gate 1,Rajiv Chowk,2026-07-19 10:21:00,Gate 1,85
PID-22E9C857,Mandi House,2026-07-19 08:57:00,Gate 4,Hauz Khas,2026-07-19 10:07:00,Gate 1,70
PID-28F654D6,Hauz Khas,2026-07-19 08:59:00,Gate 2,INA,2026-07-19 10:11:00,Gate 1,72
PID-12FBD81C,Yamuna Bank,2026-07-19 08:59:00,Gate 5,Mandi House,2026-07-19 09:50:00,Gate 2,51
PID-D4581824,INA,2026-07-19 09:01:00,Gate 5,Dwarka Sector 21,2026-07-19 10:12:00,Gate 2,71
PID-01D0086B,Hauz Khas,2026-07-19 09:01:00,Gate 3,Dwarka Sector 21,2026-07-19 10:28:00,Gate 5,87
PID-B7F8A841,INA,2026-07-19 09:02:00,Gate 2,Yamuna Bank,2026-07-19 09:59:00,Gate 4,57
PID-4F9BD092,Mandi House,2026-07-19 09:03:00,Gate 5,Botanical Garden,2026-07-19 10:28:00,Gate 3,85
PID-81015B58,Yamuna Bank,2026-07-19 09:03:00,Gate 5,Hauz Khas,2026-07-19 10:06:00,Gate 5,63
PID-FF283360,Rajiv Chowk,2026-07-19 09:04:00,Gate 3,Dwarka Sector 21,2026-07-19 09:20:00,Gate 4,16
PID-EA27E8A8,Kashmere Gate,2026-07-19 09:04:00,Gate 3,Botanical Garden,2026-07-19 10:04:00,Gate 1,60
PID-C19E1C39,Yamuna Bank,2026-07-19 09:05:00,Gate 3,Hauz Khas,2026-07-19 10:09:00,Gate 1,64
PID-98B7F140,Hauz Khas,2026-07-19 09:05:00,Gate 2,Botanical Garden,2026-07-19 09:38:00,Gate 1,33
PID-298B926D,Dwarka Sector 21,2026-07-19 09:06:00,Gate 2,Mandi House,2026-07-19 09:36:00,Gate 4,30
PID-E2D23EA3,Hauz Khas,2026-07-19 09:07:00,Gate 2,INA,2026-07-19 10:21:00,Gate 2,74
PID-D96CD2D7,Yamuna Bank,2026-07-19 09:07:00,Gate 2,Mandi House,2026-07-19 09:31:00,Gate 4,24
PID-0C011D9C,Dwarka Sector 21,2026-07-19 09:08:00,Gate 4,Hauz Khas,2026-07-19 09:23:00,Gate 5,15
PID-E617D9D6,Rajiv Chowk,2026-07-19 09:09:00,Gate 5,Botanical Garden,2026-07-19 09:47:00,Gate 1,38
PID-77487D9E,Dwarka Sector 21,2026-07-19 09:09:00,Gate 4,Hauz Khas,2026-07-19 10:10:00,Gate 1,61
PID-73E05771,Hauz Khas,2026-07-19 09:10:00,Gate 2,Rajiv Chowk,2026-07-19 09:47:00,Gate 3,37
PID-5EB340F9,INA,2026-07-19 09:10:00,Gate 5,Yamuna Bank,2026-07-19 10:07:00,Gate 5,57
PID-B47123CE,Botanical Garden,2026-07-19 09:10:00,Gate 2,Hauz Khas,2026-07-19 10:08:00,Gate 3,58
PID-DA0F152F,Kashmere Gate,2026-07-19 09:11:00,Gate 4,Hauz Khas,2026-07-19 09:35:00,Gate 4,24
PID-113C301E,Dwarka Sector 21,2026-07-19 09:14:00,Gate 1,Rajiv Chowk,2026-07-19 10:40:00,Gate 1,86
PID-DCAAE8BE,Mandi House,2026-07-19 09:16:00,Gate 2,Kashmere Gate,2026-07-19 09:28:00,Gate 5,12
PID-CBB8A558,Mandi House,2026-07-19 09:16:00,Gate 5,INA,2026-07-19 09:28:00,Gate 3,12
PID-3ECCDDF7,INA,2026-07-19 09:16:00,Gate 4,Hauz Khas,2026-07-19 09:29:00,Gate 4,13
PID-2CDD20E3,Mandi House,2026-07-19 09:17:00,Gate 2,Yamuna Bank,2026-07-19 10:03:00,Gate 3,46
PID-CC3AC0A1,Rajiv Chowk,2026-07-19 09:17:00,Gate 2,Kashmere Gate,2026-07-19 10:46:00,Gate 4,89
PID-545439BB,Rajiv Chowk,2026-07-19 09:17:00,Gate 3,Kashmere Gate,2026-07-19 10:35:00,Gate 5,78
PID-E9930878,INA,2026-07-19 09:17:00,Gate 3,Dwarka Sector 21,2026-07-19 09:48:00,Gate 5,31
PID-0738D8A3,Kashmere Gate,2026-07-19 09:18:00,Gate 2,Mandi House,2026-07-19 09:52:00,Gate 3,34
PID-8A2F1B9A,Dwarka Sector 21,2026-07-19 09:18:00,Gate 3,Hauz Khas,2026-07-19 10:38:00,Gate 2,80
PID-6D200715,Botanical Garden,2026-07-19 09:18:00,Gate 4,Mandi House,2026-07-19 10:17:00,Gate 4,59
PID-FA59B7E1,Botanical Garden,2026-07-19 09:19:00,Gate 1,INA,2026-07-19 09:41:00,Gate 5,22
PID-3F5C9E6C,Yamuna Bank,2026-07-19 09:19:00,Gate 2,Kashmere Gate,2026-07-19 09:39:00,Gate 1,20
PID-FEFB36E2,Kashmere Gate,2026-07-19 09:19:00,Gate 3,Botanical Garden,2026-07-19 10:37:00,Gate 1,78
PID-BF522468,Kashmere Gate,2026-07-19 09:20:00,Gate 4,Mandi House,2026-07-19 09:33:00,Gate 5,13
PID-9ABB9F65,Yamuna Bank,2026-07-19 09:21:00,Gate 1,Dwarka Sector 21,2026-07-19 09:46:00,Gate 3,25
PID-E0CBD4FC,INA,2026-07-19 09:21:00,Gate 1,Yamuna Bank,2026-07-19 10:48:00,Gate 3,87
PID-B2190C61,INA,2026-07-19 09:22:00,Gate 3,Rajiv Chowk,2026-07-19 10:35:00,Gate 5,73
PID-F8BFF944,Kashmere Gate,2026-07-19 09:23:00,Gate 4,Yamuna Bank,2026-07-19 09:45:00,Gate 5,22
PID-F0235FEE,Mandi House,2026-07-19 09:24:00,Gate 2,Rajiv Chowk,2026-07-19 10:00:00,Gate 2,36
PID-D2EA9A37,Rajiv Chowk,2026-07-19 09:24:00,Gate 4,Dwarka Sector 21,2026-07-19 10:02:00,Gate 2,38
PID-4876F0A2,Botanical Garden,2026-07-19 09:25:00,Gate 2,Mandi House,2026-07-19 10:32:00,Gate 5,67
PID-BDB88128,Yamuna Bank,2026-07-19 09:25:00,Gate 4,Mandi House,2026-07-19 10:51:00,Gate 5,86
PID-4A102206,Mandi House,2026-07-19 09:25:00,Gate 3,Botanical Garden,2026-07-19 10:29:00,Gate 3,64
PID-915F5A09,Rajiv Chowk,2026-07-19 09:27:00,Gate 1,Botanical Garden,2026-07-19 10:16:00,Gate 4,49
PID-6D5AF309,Botanical Garden,2026-07-19 09:27:00,Gate 1,Yamuna Bank,2026-07-19 10:50:00,Gate 3,83
PID-3D304D2B,Hauz Khas,2026-07-19 09:27:00,Gate 5,Mandi House,2026-07-19 10:44:00,Gate 2,77
PID-EC7A2109,Mandi House,2026-07-19 09:28:00,Gate 2,Botanical Garden,2026-07-19 10:43:00,Gate 1,75
PID-8F430554,INA,2026-07-19 09:29:00,Gate 4,Kashmere Gate,2026-07-19 10:13:00,Gate 5,44
PID-FA5027B7,Mandi House,2026-07-19 09:30:00,Gate 5,Dwarka Sector 21,2026-07-19 09:45:00,Gate 1,15
PID-086C9380,Mandi House,2026-07-19 09:31:00,Gate 4,Hauz Khas,2026-07-19 10:24:00,Gate 1,53
PID-B87DF1D7,Mandi House,2026-07-19 09:32:00,Gate 1,INA,2026-07-19 10:45:00,Gate 1,73
PID-FF9F7727,Mandi House,2026-07-19 09:32:00,Gate 2,Kashmere Gate,2026-07-19 09:50:00,Gate 5,18
PID-DA21300C,Botanical Garden,2026-07-19 09:32:00,Gate 4,Kashmere Gate,2026-07-19 10:46:00,Gate 4,74
PID-08397844,Rajiv Chowk,2026-07-19 09:35:00,Gate 3,Botanical Garden,2026-07-19 09:49:00,Gate 3,14
PID-FE8F269A,INA,2026-07-19 09:35:00,Gate 5,Botanical Garden,2026-07-19 10:42:00,Gate 4,67
PID-28594284,Kashmere Gate,2026-07-19 09:37:00,Gate 5,Botanical Garden,2026-07-19 10:22:00,Gate 5,45
PID-6B31AEA4,Rajiv Chowk,2026-07-19 09:37:00,Gate 2,Yamuna Bank,2026-07-19 10:40:00,Gate 1,63
PID-FFF34C92,Yamuna Bank,2026-07-19 09:38:00,Gate 4,Botanical Garden,2026-07-19 10:47:00,Gate 1,69
PID-A1A08A9F,Mandi House,2026-07-19 09:40:00,Gate 5,Botanical Garden,2026-07-19 10:01:00,Gate 1,21
PID-74BA8356,Rajiv Chowk,2026-07-19 09:41:00,Gate 5,Yamuna Bank,2026-07-19 10:47:00,Gate 1,66
PID-B60EAB0D,Mandi House,2026-07-19 09:42:00,Gate 4,Hauz Khas,2026-07-19 11:09:00,Gate 1,87
PID-A1F9F692,Mandi House,2026-07-19 09:43:00,Gate 2,Botanical Garden,2026-07-19 10:51:00,Gate 3,68
PID-1D412C98,Botanical Garden,2026-07-19 09:43:00,Gate 5,Kashmere Gate,2026-07-19 10:09:00,Gate 2,26
PID-5EB27301,Mandi House,2026-07-19 09:44:00,Gate 2,Hauz Khas,2026-07-19 09:59:00,Gate 3,15
PID-7DC84ABE,Hauz Khas,2026-07-19 09:44:00,Gate 3,Kashmere Gate,2026-07-19 10:37:00,Gate 4,53
PID-F0A4A8A1,Botanical Garden,2026-07-19 09:45:00,Gate 1,INA,2026-07-19 09:57:00,Gate 4,12
PID-18655204,Botanical Garden,2026-07-19 09:45:00,Gate 3,Rajiv Chowk,2026-07-19 10:22:00,Gate 3,37
PID-7DDCEA35,Hauz Khas,2026-07-19 09:46:00,Gate 1,Dwarka Sector 21,2026-07-19 11:06:00,Gate 2,80
PID-6EDA1380,INA,2026-07-19 09:48:00,Gate 1,Dwarka Sector 21,2026-07-19 11:04:00,Gate 1,76
PID-124693C9,Kashmere Gate,2026-07-19 09:48:00,Gate 1,INA,2026-07-19 10:28:00,Gate 5,40
PID-0741EAE1,Kashmere Gate,2026-07-19 09:49:00,Gate 5,Dwarka Sector 21,2026-07-19 11:00:00,Gate 5,71
PID-FECE5A88,Yamuna Bank,2026-07-19 09:49:00,Gate 2,Mandi House,2026-07-19 11:15:00,Gate 5,86
PID-672DFEAB,INA,2026-07-19 09:50:00,Gate 1,Dwarka Sector 21,2026-07-19 10:38:00,Gate 2,48
PID-346EE4B8,Botanical Garden,2026-07-19 09:50:00,Gate 5,Hauz Khas,2026-07-19 11:02:00,Gate 4,72
PID-AC3D39FE,Mandi House,2026-07-19 09:50:00,Gate 3,INA,2026-07-19 10:25:00,Gate 1,35
PID-2D0A2AA6,Botanical Garden,2026-07-19 09:51:00,Gate 5,Rajiv Chowk,2026-07-19 10:35:00,Gate 3,44
PID-38890EC0,Botanical Garden,2026-07-19 09:52:00,Gate 3,Rajiv Chowk,2026-07-19 10:47:00,Gate 1,55
PID-FC59B042,Rajiv Chowk,2026-07-19 09:52:00,Gate 2,Mandi House,2026-07-19 10:20:00,Gate 5,28
PID-0180D538,Yamuna Bank,2026-07-19 09:53:00,Gate 5,Hauz Khas,2026-07-19 10:58:00,Gate 3,65
PID-ED400339,INA,2026-07-19 09:54:00,Gate 3,Botanical Garden,2026-07-19 11:18:00,Gate 2,84
PID-8798002F,Mandi House,2026-07-19 09:55:00,Gate 5,INA,2026-07-19 10:51:00,Gate 5,56
PID-3C40270A,Rajiv Chowk,2026-07-19 09:56:00,Gate 3,Botanical Garden,2026-07-19 10:29:00,Gate 2,33
PID-3CFDDC7A,Mandi House,2026-07-19 09:57:00,Gate 4,Rajiv Chowk,2026-07-19 11:07:00,Gate 1,70
PID-9D089549,Mandi House,2026-07-19 09:57:00,Gate 3,INA,2026-07-19 10:18:00,Gate 1,21
PID-9A28BDB8,Kashmere Gate,2026-07-19 09:58:00,Gate 4,Mandi House,2026-07-19 10:29:00,Gate 4,31
PID-E08187EE,Yamuna Bank,2026-07-19 09:58:00,Gate 5,Hauz Khas,2026-07-19 10:33:00,Gate 1,35
PID-2EA2BBA1,Mandi House,2026-07-19 09:59:00,Gate 2,Rajiv Chowk,2026-07-19 10:36:00,Gate 2,37
PID-241907C0,Rajiv Chowk,2026-07-19 10:00:00,Gate 3,Yamuna Bank,2026-07-19 11:23:00,Gate 2,83
PID-65E73908,Hauz Khas,2026-07-19 10:00:00,Gate 2,Rajiv Chowk,2026-07-19 10:43:00,Gate 5,43
PID-AA625901,Dwarka Sector 21,2026-07-19 10:03:00,Gate 5,Rajiv Chowk,2026-07-19 10:33:00,Gate 2,30
PID-679C9CE7,Yamuna Bank,2026-07-19 10:04:00,Gate 5,Mandi House,2026-07-19 10:52:00,Gate 5,48
PID-CBB268E6,Mandi House,2026-07-19 10:06:00,Gate 1,Yamuna Bank,2026-07-19 11:18:00,Gate 2,72
PID-7A6FD72B,Kashmere Gate,2026-07-19 10:09:00,Gate 5,INA,2026-07-19 11:24:00,Gate 5,75
PID-6C3EED54,Rajiv Chowk,2026-07-19 10:10:00,Gate 4,INA,2026-07-19 11:34:00,Gate 2,84
PID-C696875A,Kashmere Gate,2026-07-19 10:10:00,Gate 1,INA,2026-07-19 11:16:00,Gate 3,66
PID-BBA3C618,Kashmere Gate,2026-07-19 10:13:00,Gate 4,Mandi House,2026-07-19 10:28:00,Gate 2,15
PID-63C63457,INA,2026-07-19 10:14:00,Gate 1,Botanical Garden,2026-07-19 10:28:00,Gate 4,14
PID-D235F744,Dwarka Sector 21,2026-07-19 10:15:00,Gate 2,Botanical Garden,2026-07-19 11:30:00,Gate 1,75
PID-A0554DAE,Yamuna Bank,2026-07-19 10:15:00,Gate 2,Rajiv Chowk,2026-07-19 11:00:00,Gate 3,45
PID-39BBC9D4,INA,2026-07-19 10:15:00,Gate 2,Kashmere Gate,2026-07-19 11:04:00,Gate 4,49
PID-A18097F6,Mandi House,2026-07-19 10:16:00,Gate 4,Hauz Khas,2026-07-19 11:46:00,Gate 3,90
PID-D07052E1,Yamuna Bank,2026-07-19 10:16:00,Gate 1,Mandi House,2026-07-19 11:24:00,Gate 2,68
PID-307B6289,Mandi House,2026-07-19 10:17:00,Gate 4,Yamuna Bank,2026-07-19 11:14:00,Gate 5,57
PID-F434EEF9,Rajiv Chowk,2026-07-19 10:17:00,Gate 2,Dwarka Sector 21,2026-07-19 11:33:00,Gate 5,76
PID-77EB139B,Kashmere Gate,2026-07-19 10:18:00,Gate 3,INA,2026-07-19 11:48:00,Gate 4,90
PID-2BCB96A0,Mandi House,2026-07-19 10:18:00,Gate 3,Yamuna Bank,2026-07-19 11:31:00,Gate 5,73
PID-82DE7172,Yamuna Bank,2026-07-19 10:20:00,Gate 5,Kashmere Gate,2026-07-19 10:55:00,Gate 5,35
PID-CEE519AD,INA,2026-07-19 10:21:00,Gate 1,Mandi House,2026-07-19 10:39:00,Gate 5,18
PID-52C4B9C1,Botanical Garden,2026-07-19 10:21:00,Gate 4,Hauz Khas,2026-07-19 11:45:00,Gate 2,84
PID-ADB1026E,Yamuna Bank,2026-07-19 10:22:00,Gate 2,Hauz Khas,2026-07-19 11:50:00,Gate 2,88
PID-9B289157,Rajiv Chowk,2026-07-19 10:22:00,Gate 2,INA,2026-07-19 10:56:00,Gate 3,34
PID-08694432,Rajiv Chowk,2026-07-19 10:23:00,Gate 4,Botanical Garden,2026-07-19 11:08:00,Gate 2,45
PID-544D8C21,Dwarka Sector 21,2026-07-19 10:23:00,Gate 5,Rajiv Chowk,2026-07-19 10:47:00,Gate 5,24
PID-59972502,Hauz Khas,2026-07-19 10:23:00,Gate 2,INA,2026-07-19 11:42:00,Gate 1,79
PID-57D99D27,Kashmere Gate,2026-07-19 10:24:00,Gate 2,INA,2026-07-19 11:31:00,Gate 5,67
PID-10280F3B,Hauz Khas,2026-07-19 10:24:00,Gate 1,INA,2026-07-19 11:49:00,Gate 3,85
PID-2C5CFABC,Botanical Garden,2026-07-19 10:24:00,Gate 2,INA,2026-07-19 11:07:00,Gate 4,43
PID-43C90739,Yamuna Bank,2026-07-19 10:26:00,Gate 2,Kashmere Gate,2026-07-19 11:36:00,Gate 5,70
PID-F0F4735D,Kashmere Gate,2026-07-19 10:27:00,Gate 1,Yamuna Bank,2026-07-19 11:19:00,Gate 5,52
PID-1EA655BA,Mandi House,2026-07-19 10:27:00,Gate 3,Botanical Garden,2026-07-19 11:34:00,Gate 3,67
PID-10748FA4,Hauz Khas,2026-07-19 10:28:00,Gate 1,Yamuna Bank,2026-07-19 11:17:00,Gate 4,49
PID-DF86E547,Dwarka Sector 21,2026-07-19 10:28:00,Gate 4,Mandi House,2026-07-19 11:46:00,Gate 2,78
PID-F8486FC3,INA,2026-07-19 10:30:00,Gate 4,Dwarka Sector 21,2026-07-19 10:47:00,Gate 5,17
PID-D89D7306,Rajiv Chowk,2026-07-19 10:32:00,Gate 5,Mandi House,2026-07-19 11:11:00,Gate 4,39
PID-587A3837,Mandi House,2026-07-19 10:32:00,Gate 2,Botanical Garden,2026-07-19 11:00:00,Gate 4,28
PID-DBA531E0,Mandi House,2026-07-19 10:33:00,Gate 4,Dwarka Sector 21,2026-07-19 11:49:00,Gate 4,76
PID-9E5B8153,Botanical Garden,2026-07-19 10:33:00,Gate 4,Rajiv Chowk,2026-07-19 11:43:00,Gate 4,70
PID-A012C10E,Rajiv Chowk,2026-07-19 10:33:00,Gate 2,INA,2026-07-19 11:34:00,Gate 3,61
PID-717E7449,Botanical Garden,2026-07-19 10:34:00,Gate 2,Kashmere Gate,2026-07-19 11:53:00,Gate 3,79
PID-1BCB75B4,Rajiv Chowk,2026-07-19 10:34:00,Gate 3,Hauz Khas,2026-07-19 11:40:00,Gate 2,66
PID-DFBAD88C,Hauz Khas,2026-07-19 10:34:00,Gate 4,Yamuna Bank,2026-07-19 11:05:00,Gate 5,31
PID-294B0A1D,Botanical Garden,2026-07-19 10:34:00,Gate 1,Mandi House,2026-07-19 11:08:00,Gate 3,34
PID-6AE9D7DC,Mandi House,2026-07-19 10:36:00,Gate 1,Hauz Khas,2026-07-19 11:39:00,Gate 1,63
PID-90976B97,Kashmere Gate,2026-07-19 10:37:00,Gate 4,Yamuna Bank,2026-07-19 11:15:00,Gate 2,38
PID-D58EEE4D,Rajiv Chowk,2026-07-19 10:37:00,Gate 1,Kashmere Gate,2026-07-19 11:34:00,Gate 5,57
PID-46D306EE,INA,2026-07-19 10:37:00,Gate 3,Kashmere Gate,2026-07-19 11:13:00,Gate 4,36
PID-B0BD5DA6,Botanical Garden,2026-07-19 10:38:00,Gate 3,INA,2026-07-19 11:36:00,Gate 4,58
PID-E608265D,Mandi House,2026-07-19 10:38:00,Gate 3,Botanical Garden,2026-07-19 11:43:00,Gate 4,65
PID-4F5271ED,Yamuna Bank,2026-07-19 10:40:00,Gate 4,Mandi House,2026-07-19 11:25:00,Gate 3,45
PID-CA36798E,Yamuna Bank,2026-07-19 10:41:00,Gate 4,Hauz Khas,2026-07-19 11:12:00,Gate 2,31
PID-2499B8F0,INA,2026-07-19 10:44:00,Gate 1,Hauz Khas,2026-07-19 11:36:00,Gate 1,52
PID-97338216,Rajiv Chowk,2026-07-19 10:45:00,Gate 4,Mandi House,2026-07-19 11:44:00,Gate 4,59
PID-742CD821,Mandi House,2026-07-19 10:45:00,Gate 5,Rajiv Chowk,2026-07-19 11:55:00,Gate 1,70
PID-18A74E93,INA,2026-07-19 10:46:00,Gate 1,Botanical Garden,2026-07-19 10:57:00,Gate 3,11
PID-6DFB1EA3,Mandi House,2026-07-19 10:47:00,Gate 3,INA,2026-07-19 11:36:00,Gate 2,49
PID-036BDA1D,INA,2026-07-19 10:47:00,Gate 2,Hauz Khas,2026-07-19 11:45:00,Gate 3,58
PID-30D9C249,Hauz Khas,2026-07-19 10:50:00,Gate 5,Kashmere Gate,2026-07-19 12:08:00,Gate 2,78
PID-1274AD8B,INA,2026-07-19 10:50:00,Gate 2,Yamuna Bank,2026-07-19 11:27:00,Gate 1,37
PID-06836E5D,Kashmere Gate,2026-07-19 10:52:00,Gate 5,Dwarka Sector 21,2026-07-19 11:46:00,Gate 4,54
PID-2ADC8EFB,Rajiv Chowk,2026-07-19 10:52:00,Gate 5,Hauz Khas,2026-07-19 11:50:00,Gate 4,58
PID-6D28DF20,Dwarka Sector 21,2026-07-19 10:53:00,Gate 2,INA,2026-07-19 11:59:00,Gate 3,66
PID-C56C40C7,INA,2026-07-19 10:53:00,Gate 1,Yamuna Bank,2026-07-19 11:46:00,Gate 5,53
PID-F42020E2,Yamuna Bank,2026-07-19 10:54:00,Gate 1,Rajiv Chowk,2026-07-19 11:12:00,Gate 5,18
PID-66AC824F,Rajiv Chowk,2026-07-19 10:57:00,Gate 3,Kashmere Gate,2026-07-19 11:36:00,Gate 2,39
PID-6E81C548,Hauz Khas,2026-07-19 10:57:00,Gate 4,Botanical Garden,2026-07-19 11:28:00,Gate 2,31
PID-CB195DC3,Mandi House,2026-07-19 10:58:00,Gate 3,Rajiv Chowk,2026-07-19 11:33:00,Gate 1,35
PID-D4509722,Rajiv Chowk,2026-07-19 10:59:00,Gate 4,Dwarka Sector 21,2026-07-19 11:40:00,Gate 5,41
PID-C3D4778B,Rajiv Chowk,2026-07-19 10:59:00,Gate 2,Mandi House,2026-07-19 11:19:00,Gate 1,20
PID-54BE77A2,Rajiv Chowk,2026-07-19 10:59:00,Gate 5,Kashmere Gate,2026-07-19 11:52:00,Gate 1,53
PID-E5CAE9B6,Mandi House,2026-07-19 10:59:00,Gate 2,Dwarka Sector 21,2026-07-19 11:26:00,Gate 4,27
PID-FB4B6E96,Mandi House,2026-07-19 11:02:00,Gate 4,Yamuna Bank,2026-07-19 11:49:00,Gate 4,47
PID-91D892EA,Dwarka Sector 21,2026-07-19 11:02:00,Gate 2,INA,2026-07-19 11:34:00,Gate 3,32
PID-658989B9,Hauz Khas,2026-07-19 11:03:00,Gate 4,Rajiv Chowk,2026-07-19 12:06:00,Gate 5,63
PID-205B016B,Dwarka Sector 21,2026-07-19 11:03:00,Gate 4,Mandi House,2026-07-19 11:54:00,Gate 1,51
PID-701AB59B,Rajiv Chowk,2026-07-19 11:04:00,Gate 3,Hauz Khas,2026-07-19 11:26:00,Gate 4,22
PID-4F70896A,Kashmere Gate,2026-07-19 11:08:00,Gate 3,Mandi House,2026-07-19 12:10:00,Gate 3,62
PID-46B7CC3D,Kashmere Gate,2026-07-19 11:09:00,Gate 2,Mandi House,2026-07-19 12:18:00,Gate 3,69
PID-28AFDD3F,Yamuna Bank,2026-07-19 11:10:00,Gate 2,Mandi House,2026-07-19 11:50:00,Gate 2,40
PID-65AF1033,Kashmere Gate,2026-07-19 11:10:00,Gate 1,Mandi House,2026-07-19 12:40:00,Gate 5,90
PID-558FF68B,Hauz Khas,2026-07-19 11:11:00,Gate 1,Kashmere Gate,2026-07-19 11:27:00,Gate 2,16
PID-9180EAC3,INA,2026-07-19 11:12:00,Gate 5,Botanical Garden,2026-07-19 11:57:00,Gate 5,45
PID-FED9B28A,Mandi House,2026-07-19 11:12:00,Gate 3,Yamuna Bank,2026-07-19 11:45:00,Gate 5,33
PID-9D017D5E,Kashmere Gate,2026-07-19 11:13:00,Gate 2,Mandi House,2026-07-19 12:26:00,Gate 1,73
PID-7F94B336,INA,2026-07-19 11:14:00,Gate 5,Hauz Khas,2026-07-19 11:43:00,Gate 4,29
PID-D5518AEC,Hauz Khas,2026-07-19 11:15:00,Gate 4,Yamuna Bank,2026-07-19 12:00:00,Gate 5,45
PID-8B2F98D2,Yamuna Bank,2026-07-19 11:17:00,Gate 5,INA,2026-07-19 12:25:00,Gate 2,68
PID-62ACC6B1,Yamuna Bank,2026-07-19 11:18:00,Gate 3,Botanical Garden,2026-07-19 12:15:00,Gate 4,57
PID-B6C8D5E6,Hauz Khas,2026-07-19 11:18:00,Gate 3,Botanical Garden,2026-07-19 11:37:00,Gate 5,19
PID-67C8CE69,Kashmere Gate,2026-07-19 11:18:00,Gate 4,INA,2026-07-19 11:52:00,Gate 4,34
PID-163FF88C,Kashmere Gate,2026-07-19 11:19:00,Gate 3,Botanical Garden,2026-07-19 11:35:00,Gate 4,16
PID-6551A196,INA,2026-07-19 11:19:00,Gate 4,Dwarka Sector 21,2026-07-19 12:19:00,Gate 3,60
PID-58E0FE44,Rajiv Chowk,2026-07-19 11:20:00,Gate 5,Mandi House,2026-07-19 11:48:00,Gate 1,28
PID-4C9ADBC9,Dwarka Sector 21,2026-07-19 11:21:00,Gate 3,Hauz Khas,2026-07-19 12:25:00,Gate 1,64
PID-43D22B17,Rajiv Chowk,2026-07-19 11:21:00,Gate 5,Dwarka Sector 21,2026-07-19 11:37:00,Gate 3,16
PID-B92F51BA,Yamuna Bank,2026-07-19 11:22:00,Gate 1,Botanical Garden,2026-07-19 11:57:00,Gate 5,35
PID-E5CF8506,Rajiv Chowk,2026-07-19 11:23:00,Gate 2,Mandi House,2026-07-19 12:28:00,Gate 2,65
PID-E7F04DBE,Mandi House,2026-07-19 11:24:00,Gate 5,INA,2026-07-19 12:35:00,Gate 4,71
PID-55D15821,INA,2026-07-19 11:24:00,Gate 2,Botanical Garden,2026-07-19 11:59:00,Gate 4,35
PID-8858EC4D,Kashmere Gate,2026-07-19 11:24:00,Gate 4,INA,2026-07-19 12:37:00,Gate 3,73
PID-A2902345,Dwarka Sector 21,2026-07-19 11:25:00,Gate 1,Kashmere Gate,2026-07-19 12:22:00,Gate 1,57
PID-B1E1A419,Botanical Garden,2026-07-19 11:26:00,Gate 2,Yamuna Bank,2026-07-19 12:33:00,Gate 5,67
PID-6D06D9CF,Hauz Khas,2026-07-19 11:26:00,Gate 5,INA,2026-07-19 12:49:00,Gate 2,83
PID-524B1AB2,Kashmere Gate,2026-07-19 11:27:00,Gate 1,Rajiv Chowk,2026-07-19 12:09:00,Gate 5,42
PID-005282BD,Mandi House,2026-07-19 11:27:00,Gate 1,Rajiv Chowk,2026-07-19 12:29:00,Gate 5,62
PID-845D41EB,Dwarka Sector 21,2026-07-19 11:27:00,Gate 1,Kashmere Gate,2026-07-19 11:44:00,Gate 4,17
PID-B0AF85C2,INA,2026-07-19 11:28:00,Gate 2,Yamuna Bank,2026-07-19 12:18:00,Gate 5,50
PID-EEA15BB5,Dwarka Sector 21,2026-07-19 11:29:00,Gate 4,Botanical Garden,2026-07-19 11:47:00,Gate 2,18
PID-E5615F04,Dwarka Sector 21,2026-07-19 11:29:00,Gate 2,Mandi House,2026-07-19 12:55:00,Gate 4,86
PID-F5404666,Dwarka Sector 21,2026-07-19 11:29:00,Gate 3,Hauz Khas,2026-07-19 12:16:00,Gate 4,47
PID-DF816F25,Botanical Garden,2026-07-19 11:29:00,Gate 2,Mandi House,2026-07-19 11:52:00,Gate 2,23
PID-A206B381,Dwarka Sector 21,2026-07-19 11:29:00,Gate 1,Hauz Khas,2026-07-19 12:54:00,Gate 2,85
PID-066126AB,Rajiv Chowk,2026-07-19 11:29:00,Gate 5,Botanical Garden,2026-07-19 11:41:00,Gate 5,12
PID-AF822050,Yamuna Bank,2026-07-19 11:30:00,Gate 2,Dwarka Sector 21,2026-07-19 12:10:00,Gate 2,40
PID-0746546F,Mandi House,2026-07-19 11:31:00,Gate 2,Yamuna Bank,2026-07-19 11:55:00,Gate 5,24
PID-B5A30D3C,Botanical Garden,2026-07-19 11:32:00,Gate 1,Yamuna Bank,2026-07-19 11:42:00,Gate 1,10
PID-DBEF4F09,Rajiv Chowk,2026-07-19 11:32:00,Gate 1,INA,2026-07-19 12:17:00,Gate 5,45
PID-6085DFF4,INA,2026-07-19 11:33:00,Gate 3,Rajiv Chowk,2026-07-19 11:48:00,Gate 1,15
PID-C150E342,Botanical Garden,2026-07-19 11:35:00,Gate 2,Dwarka Sector 21,2026-07-19 12:35:00,Gate 3,60
PID-2E9B4EEA,Rajiv Chowk,2026-07-19 11:35:00,Gate 5,Botanical Garden,2026-07-19 12:35:00,Gate 4,60
PID-D03138E8,Kashmere Gate,2026-07-19 11:37:00,Gate 1,Botanical Garden,2026-07-19 12:29:00,Gate 2,52
PID-05DC14CC,Rajiv Chowk,2026-07-19 11:37:00,Gate 2,Hauz Khas,2026-07-19 12:23:00,Gate 5,46
PID-6FFB5DD3,Dwarka Sector 21,2026-07-19 11:38:00,Gate 4,Hauz Khas,2026-07-19 11:56:00,Gate 3,18
PID-4CC2BDC6,Kashmere Gate,2026-07-19 11:39:00,Gate 1,Botanical Garden,2026-07-19 11:51:00,Gate 2,12
PID-E6CB2AEA,Dwarka Sector 21,2026-07-19 11:39:00,Gate 2,Botanical Garden,2026-07-19 12:07:00,Gate 4,28
PID-F2703FC2,Kashmere Gate,2026-07-19 11:40:00,Gate 3,Rajiv Chowk,2026-07-19 12:40:00,Gate 3,60
PID-C0FF750F,Dwarka Sector 21,2026-07-19 11:40:00,Gate 2,Kashmere Gate,2026-07-19 12:36:00,Gate 1,56
PID-7BACB1E9,Mandi House,2026-07-19 11:41:00,Gate 3,Rajiv Chowk,2026-07-19 12:24:00,Gate 3,43
PID-1B14D673,Mandi House,2026-07-19 11:41:00,Gate 4,INA,2026-07-19 11:52:00,Gate 3,11
PID-156E6A56,Mandi House,2026-07-19 11:41:00,Gate 3,Rajiv Chowk,2026-07-19 12:33:00,Gate 2,52
PID-9C378626,Botanical Garden,2026-07-19 11:41:00,Gate 2,Kashmere Gate,2026-07-19 12:28:00,Gate 1,47
PID-D1A8B242,INA,2026-07-19 11:42:00,Gate 5,Botanical Garden,2026-07-19 12:19:00,Gate 4,37
PID-EA0D7B6A,INA,2026-07-19 11:42:00,Gate 1,Dwarka Sector 21,2026-07-19 11:54:00,Gate 3,12
PID-0B10BAAC,Dwarka Sector 21,2026-07-19 11:43:00,Gate 5,Kashmere Gate,2026-07-19 12:26:00,Gate 5,43
PID-91606A8C,Hauz Khas,2026-07-19 11:44:00,Gate 3,Mandi House,2026-07-19 13:12:00,Gate 3,88
PID-D2197DC0,Botanical Garden,2026-07-19 11:44:00,Gate 4,Dwarka Sector 21,2026-07-19 12:03:00,Gate 5,19
PID-70C9648B,Botanical Garden,2026-07-19 11:45:00,Gate 2,Kashmere Gate,2026-07-19 12:36:00,Gate 4,51
PID-6D297E5E,Dwarka Sector 21,2026-07-19 11:46:00,Gate 3,Rajiv Chowk,2026-07-19 12:32:00,Gate 2,46
PID-E58A4D0B,Kashmere Gate,2026-07-19 11:46:00,Gate 3,Rajiv Chowk,2026-07-19 12:35:00,Gate 3,49
PID-684C9A1C,Rajiv Chowk,2026-07-19 11:46:00,Gate 2,Yamuna Bank,2026-07-19 12:23:00,Gate 2,37
PID-FDD891AF,Hauz Khas,2026-07-19 11:47:00,Gate 3,Kashmere Gate,2026-07-19 12:30:00,Gate 1,43
PID-F7E490CB,Rajiv Chowk,2026-07-19 11:48:00,Gate 2,INA,2026-07-19 13:18:00,Gate 4,90
PID-9F8D7363,Kashmere Gate,2026-07-19 11:48:00,Gate 5,Yamuna Bank,2026-07-19 12:08:00,Gate 1,20
PID-C347D341,INA,2026-07-19 11:49:00,Gate 4,Dwarka Sector 21,2026-07-19 12:31:00,Gate 2,42
PID-8C9C8B84,Hauz Khas,2026-07-19 11:49:00,Gate 5,Kashmere Gate,2026-07-19 13:05:00,Gate 1,76
PID-4D39B9BE,Botanical Garden,2026-07-19 11:51:00,Gate 5,Yamuna Bank,2026-07-19 12:59:00,Gate 1,68
PID-D32E5701,Kashmere Gate,2026-07-19 11:51:00,Gate 2,Mandi House,2026-07-19 12:29:00,Gate 4,38
PID-4CE46F75,INA,2026-07-19 11:51:00,Gate 5,Hauz Khas,2026-07-19 13:00:00,Gate 5,69
PID-E850FEB0,Kashmere Gate,2026-07-19 11:52:00,Gate 1,Hauz Khas,2026-07-19 12:45:00,Gate 2,53
PID-CB745D5D,INA,2026-07-19 11:52:00,Gate 1,Dwarka Sector 21,2026-07-19 12:37:00,Gate 3,45
PID-0F910840,Kashmere Gate,2026-07-19 11:52:00,Gate 2,INA,2026-07-19 12:34:00,Gate 5,42
PID-E0D2918A,Dwarka Sector 21,2026-07-19 11:52:00,Gate 4,Yamuna Bank,2026-07-19 12:35:00,Gate 1,43
PID-B942755F,Yamuna Bank,2026-07-19 11:52:00,Gate 4,Kashmere Gate,2026-07-19 12:49:00,Gate 2,57
PID-17327CDE,Mandi House,2026-07-19 11:52:00,Gate 3,Rajiv Chowk,2026-07-19 12:07:00,Gate 3,15
PID-134EDD5C,INA,2026-07-19 11:53:00,Gate 3,Dwarka Sector 21,2026-07-19 12:03:00,Gate 5,10
PID-4C5C2B62,Kashmere Gate,2026-07-19 11:54:00,Gate 5,Rajiv Chowk,2026-07-19 12:55:00,Gate 4,61
PID-C399ADA5,Dwarka Sector 21,2026-07-19 11:54:00,Gate 1,Rajiv Chowk,2026-07-19 12:41:00,Gate 4,47
PID-1E65212B,Mandi House,2026-07-19 11:54:00,Gate 3,Dwarka Sector 21,2026-07-19 12:23:00,Gate 2,29
PID-ED0D268E,Yamuna Bank,2026-07-19 11:54:00,Gate 5,Mandi House,2026-07-19 12:10:00,Gate 1,16
PID-DBB648E1,Yamuna Bank,2026-07-19 11:54:00,Gate 2,INA,2026-07-19 12:18:00,Gate 2,24
PID-8DD0A96B,INA,2026-07-19 11:56:00,Gate 3,Hauz Khas,2026-07-19 13:23:00,Gate 5,87
PID-1B3C1E4D,INA,2026-07-19 11:56:00,Gate 3,Mandi House,2026-07-19 12:44:00,Gate 3,48
PID-98D69787,Hauz Khas,2026-07-19 11:57:00,Gate 5,Rajiv Chowk,2026-07-19 12:22:00,Gate 3,25
PID-A3CF625C,Yamuna Bank,2026-07-19 11:58:00,Gate 2,Mandi House,2026-07-19 12:16:00,Gate 2,18
PID-5180D24C,Kashmere Gate,2026-07-19 11:58:00,Gate 2,INA,2026-07-19 13:27:00,Gate 2,89
PID-FF5BC9A2,INA,2026-07-19 11:58:00,Gate 2,Dwarka Sector 21,2026-07-19 12:50:00,Gate 4,52
PID-80839766,INA,2026-07-19 11:58:00,Gate 1,Yamuna Bank,2026-07-19 12:33:00,Gate 2,35
PID-B38B467D,INA,2026-07-19 11:59:00,Gate 4,Botanical Garden,2026-07-19 12:39:00,Gate 2,40
PID-62B655F2,Botanical Garden,2026-07-19 12:00:00,Gate 4,Kashmere Gate,2026-07-19 12:37:00,Gate 3,37
PID-BBD4442C,Botanical Garden,2026-07-19 12:02:00,Gate 5,Dwarka Sector 21,2026-07-19 12:14:00,Gate 4,12
PID-7BB7623E,Hauz Khas,2026-07-19 12:03:00,Gate 5,Kashmere Gate,2026-07-19 12:56:00,Gate 5,53
PID-5A401260,Dwarka Sector 21,2026-07-19 12:03:00,Gate 2,Hauz Khas,2026-07-19 12:23:00,Gate 1,20
PID-9856F1D8,Rajiv Chowk,2026-07-19 12:03:00,Gate 5,Mandi House,2026-07-19 12:37:00,Gate 1,34
PID-CDDD7991,Mandi House,2026-07-19 12:03:00,Gate 4,Yamuna Bank,2026-07-19 12:33:00,Gate 1,30
PID-A0A7746F,Hauz Khas,2026-07-19 12:03:00,Gate 4,Mandi House,2026-07-19 13:05:00,Gate 3,62
PID-CCC001A4,Hauz Khas,2026-07-19 12:03:00,Gate 1,Yamuna Bank,2026-07-19 13:25:00,Gate 5,82
PID-81804E69,Yamuna Bank,2026-07-19 12:03:00,Gate 2,Hauz Khas,2026-07-19 12:17:00,Gate 5,14
PID-FE142CD2,Rajiv Chowk,2026-07-19 12:04:00,Gate 1,Hauz Khas,2026-07-19 13:30:00,Gate 2,86
PID-78F00D5C,INA,2026-07-19 12:04:00,Gate 4,Kashmere Gate,2026-07-19 13:10:00,Gate 5,66
PID-E6B9E3A0,Botanical Garden,2026-07-19 12:04:00,Gate 4,Hauz Khas,2026-07-19 13:16:00,Gate 2,72
PID-E712A440,INA,2026-07-19 12:05:00,Gate 1,Hauz Khas,2026-07-19 12:48:00,Gate 5,43
PID-33315E0F,Hauz Khas,2026-07-19 12:05:00,Gate 2,Yamuna Bank,2026-07-19 13:28:00,Gate 1,83
PID-67EAEB20,Rajiv Chowk,2026-07-19 12:06:00,Gate 2,INA,2026-07-19 12:45:00,Gate 1,39
PID-F5A93C62,Yamuna Bank,2026-07-19 12:07:00,Gate 3,Botanical Garden,2026-07-19 13:12:00,Gate 1,65
PID-FF3D46AB,Kashmere Gate,2026-07-19 12:07:00,Gate 2,Botanical Garden,2026-07-19 13:34:00,Gate 1,87
PID-2C75BB27,Dwarka Sector 21,2026-07-19 12:09:00,Gate 2,Botanical Garden,2026-07-19 12:37:00,Gate 5,28
PID-C0F533F1,Rajiv Chowk,2026-07-19 12:11:00,Gate 1,Botanical Garden,2026-07-19 13:34:00,Gate 2,83
PID-B2589E48,Yamuna Bank,2026-07-19 12:11:00,Gate 4,INA,2026-07-19 13:32:00,Gate 5,81
PID-71BC573C,INA,2026-07-19 12:12:00,Gate 2,Rajiv Chowk,2026-07-19 12:59:00,Gate 3,47
PID-658BACFC,Dwarka Sector 21,2026-07-19 12:12:00,Gate 2,INA,2026-07-19 13:11:00,Gate 5,59
PID-5F4C2F3D,Hauz Khas,2026-07-19 12:13:00,Gate 5,Rajiv Chowk,2026-07-19 13:33:00,Gate 1,80
PID-DD492D3E,Botanical Garden,2026-07-19 12:13:00,Gate 3,Dwarka Sector 21,2026-07-19 13:43:00,Gate 4,90
PID-60798741,Yamuna Bank,2026-07-19 12:14:00,Gate 4,Mandi House,2026-07-19 13:39:00,Gate 1,85
PID-AA831B83,Kashmere Gate,2026-07-19 12:15:00,Gate 4,Mandi House,2026-07-19 12:39:00,Gate 4,24
PID-3729695B,Dwarka Sector 21,2026-07-19 12:15:00,Gate 3,Mandi House,2026-07-19 13:12:00,Gate 1,57
PID-DCFCCC1E,Mandi House,2026-07-19 12:15:00,Gate 2,Dwarka Sector 21,2026-07-19 13:41:00,Gate 5,86
PID-E42C3421,Hauz Khas,2026-07-19 12:15:00,Gate 1,Mandi House,2026-07-19 12:45:00,Gate 4,30
PID-FC55BE22,Rajiv Chowk,2026-07-19 12:16:00,Gate 1,INA,2026-07-19 13:00:00,Gate 2,44
PID-E15D9B45,Kashmere Gate,2026-07-19 12:19:00,Gate 5,Mandi House,2026-07-19 13:03:00,Gate 4,44
PID-FC4FD14E,Mandi House,2026-07-19 12:19:00,Gate 1,Dwarka Sector 21,2026-07-19 12:34:00,Gate 3,15
PID-0843C6D8,Kashmere Gate,2026-07-19 12:22:00,Gate 5,Hauz Khas,2026-07-19 13:35:00,Gate 2,73
PID-A55AEAD2,INA,2026-07-19 12:23:00,Gate 3,Kashmere Gate,2026-07-19 13:51:00,Gate 5,88
PID-9A421343,Botanical Garden,2026-07-19 12:23:00,Gate 4,INA,2026-07-19 13:21:00,Gate 1,58
PID-6C416A19,INA,2026-07-19 12:24:00,Gate 2,Yamuna Bank,2026-07-19 13:17:00,Gate 1,53
PID-BCFC025E,Yamuna Bank,2026-07-19 12:26:00,Gate 4,Kashmere Gate,2026-07-19 13:31:00,Gate 3,65
PID-0D783BD6,Kashmere Gate,2026-07-19 12:27:00,Gate 2,Yamuna Bank,2026-07-19 13:55:00,Gate 5,88
PID-8FE029AE,Mandi House,2026-07-19 12:27:00,Gate 3,Hauz Khas,2026-07-19 13:32:00,Gate 1,65
PID-64B23D5F,Yamuna Bank,2026-07-19 12:29:00,Gate 1,Kashmere Gate,2026-07-19 12:56:00,Gate 2,27
PID-32A95F50,Yamuna Bank,2026-07-19 12:31:00,Gate 2,Botanical Garden,2026-07-19 13:25:00,Gate 3,54
PID-93BDEE6B,Yamuna Bank,2026-07-19 12:31:00,Gate 4,Botanical Garden,2026-07-19 12:52:00,Gate 4,21
PID-BE1194F2,Rajiv Chowk,2026-07-19 12:31:00,Gate 1,Mandi House,2026-07-19 13:38:00,Gate 5,67
PID-A599FFEB,Mandi House,2026-07-19 12:32:00,Gate 1,Yamuna Bank,2026-07-19 14:02:00,Gate 1,90
PID-507E7112,Yamuna Bank,2026-07-19 12:33:00,Gate 3,Botanical Garden,2026-07-19 13:04:00,Gate 5,31
PID-2A5EF5F3,Botanical Garden,2026-07-19 12:33:00,Gate 5,Kashmere Gate,2026-07-19 12:51:00,Gate 2,18
PID-F86CDE61,Botanical Garden,2026-07-19 12:33:00,Gate 4,INA,2026-07-19 13:05:00,Gate 2,32
PID-8A504BB2,Mandi House,2026-07-19 12:34:00,Gate 1,Yamuna Bank,2026-07-19 12:44:00,Gate 2,10
PID-F0B95F7C,INA,2026-07-19 12:36:00,Gate 5,Kashmere Gate,2026-07-19 14:00:00,Gate 3,84
PID-1BED9C8B,Yamuna Bank,2026-07-19 12:36:00,Gate 5,Dwarka Sector 21,2026-07-19 12:56:00,Gate 3,20
PID-CD2D3569,Kashmere Gate,2026-07-19 12:37:00,Gate 1,Botanical Garden,2026-07-19 13:35:00,Gate 2,58
PID-0D0DA2BE,Yamuna Bank,2026-07-19 12:38:00,Gate 2,Botanical Garden,2026-07-19 13:23:00,Gate 4,45
PID-FD5C4AF0,Hauz Khas,2026-07-19 12:38:00,Gate 1,Rajiv Chowk,2026-07-19 13:25:00,Gate 4,47
PID-D39CB62E,Mandi House,2026-07-19 12:39:00,Gate 2,Hauz Khas,2026-07-19 14:08:00,Gate 2,89
PID-A7B94691,Yamuna Bank,2026-07-19 12:40:00,Gate 1,Dwarka Sector 21,2026-07-19 12:55:00,Gate 4,15
PID-23C5027B,INA,2026-07-19 12:40:00,Gate 2,Rajiv Chowk,2026-07-19 13:51:00,Gate 2,71
PID-9754D8A7,Rajiv Chowk,2026-07-19 12:40:00,Gate 3,Dwarka Sector 21,2026-07-19 13:06:00,Gate 4,26
PID-E6786605,Yamuna Bank,2026-07-19 12:40:00,Gate 3,Botanical Garden,2026-07-19 12:57:00,Gate 4,17
PID-E0891B99,Dwarka Sector 21,2026-07-19 12:40:00,Gate 5,Rajiv Chowk,2026-07-19 13:57:00,Gate 4,77
PID-EE024803,Rajiv Chowk,2026-07-19 12:41:00,Gate 3,Hauz Khas,2026-07-19 12:53:00,Gate 1,12
PID-A490E987,INA,2026-07-19 12:41:00,Gate 2,Botanical Garden,2026-07-19 13:33:00,Gate 3,52
PID-D4478E2D,Hauz Khas,2026-07-19 12:42:00,Gate 2,Dwarka Sector 21,2026-07-19 13:01:00,Gate 1,19
PID-7A067BBA,Mandi House,2026-07-19 12:42:00,Gate 4,Hauz Khas,2026-07-19 12:53:00,Gate 4,11
PID-E31FB762,Kashmere Gate,2026-07-19 12:44:00,Gate 2,Hauz Khas,2026-07-19 13:34:00,Gate 2,50
PID-5F68CB1F,Botanical Garden,2026-07-19 12:45:00,Gate 3,Mandi House,2026-07-19 13:35:00,Gate 4,50
PID-EC2B1CEC,Rajiv Chowk,2026-07-19 12:45:00,Gate 1,Yamuna Bank,2026-07-19 13:35:00,Gate 5,50
PID-36A4EBF7,Kashmere Gate,2026-07-19 12:45:00,Gate 5,Botanical Garden,2026-07-19 13:25:00,Gate 4,40
PID-117636EA,Dwarka Sector 21,2026-07-19 12:46:00,Gate 5,Kashmere Gate,2026-07-19 13:32:00,Gate 5,46
PID-AF39FE2F,Kashmere Gate,2026-07-19 12:46:00,Gate 2,Mandi House,2026-07-19 13:54:00,Gate 5,68
PID-1732A4A3,Botanical Garden,2026-07-19 12:46:00,Gate 2,INA,2026-07-19 14:15:00,Gate 2,89
PID-60F95507,Mandi House,2026-07-19 12:49:00,Gate 2,Dwarka Sector 21,2026-07-19 13:39:00,Gate 4,50
PID-ED43DC3F,Botanical Garden,2026-07-19 12:51:00,Gate 2,Rajiv Chowk,2026-07-19 14:09:00,Gate 4,78
PID-A86CB416,INA,2026-07-19 12:51:00,Gate 1,Botanical Garden,2026-07-19 13:03:00,Gate 5,12
PID-456D1644,INA,2026-07-19 12:52:00,Gate 2,Dwarka Sector 21,2026-07-19 13:42:00,Gate 3,50
PID-915DEEA3,Mandi House,2026-07-19 12:52:00,Gate 2,INA,2026-07-19 13:20:00,Gate 4,28
PID-BAA3C8CB,Botanical Garden,2026-07-19 12:52:00,Gate 4,Rajiv Chowk,2026-07-19 13:46:00,Gate 1,54
PID-3E949F5B,Dwarka Sector 21,2026-07-19 12:54:00,Gate 2,Mandi House,2026-07-19 13:39:00,Gate 4,45
PID-C2005667,Dwarka Sector 21,2026-07-19 12:55:00,Gate 1,Kashmere Gate,2026-07-19 14:00:00,Gate 1,65
PID-169D5392,Kashmere Gate,2026-07-19 12:56:00,Gate 3,Botanical Garden,2026-07-19 13:43:00,Gate 2,47
PID-04A5E349,Kashmere Gate,2026-07-19 12:57:00,Gate 5,INA,2026-07-19 14:03:00,Gate 2,66
PID-B86543ED,Mandi House,2026-07-19 12:57:00,Gate 1,Yamuna Bank,2026-07-19 13:19:00,Gate 4,22
PID-75817518,INA,2026-07-19 12:57:00,Gate 4,Yamuna Bank,2026-07-19 14:01:00,Gate 3,64
PID-F94BD288,Dwarka Sector 21,2026-07-19 12:57:00,Gate 3,Mandi House,2026-07-19 13:39:00,Gate 1,42
PID-63B9C45D,Rajiv Chowk,2026-07-19 12:57:00,Gate 3,INA,2026-07-19 13:58:00,Gate 4,61
PID-D8B26EAA,Hauz Khas,2026-07-19 12:57:00,Gate 1,Yamuna Bank,2026-07-19 13:39:00,Gate 1,42
PID-D029E643,Mandi House,2026-07-19 12:58:00,Gate 5,Botanical Garden,2026-07-19 13:57:00,Gate 5,59
PID-9726FF6A,Yamuna Bank,2026-07-19 12:58:00,Gate 3,Rajiv Chowk,2026-07-19 13:42:00,Gate 2,44
PID-F8F5E574,Rajiv Chowk,2026-07-19 12:58:00,Gate 2,Hauz Khas,2026-07-19 13:42:00,Gate 1,44
PID-BAC16BD0,INA,2026-07-19 12:58:00,Gate 5,Yamuna Bank,2026-07-19 14:01:00,Gate 3,63
PID-7D95ACE8,Rajiv Chowk,2026-07-19 12:59:00,Gate 2,INA,2026-07-19 14:16:00,Gate 1,77
PID-18073F02,INA,2026-07-19 13:00:00,Gate 5,Rajiv Chowk,2026-07-19 13:49:00,Gate 4,49
PID-F511FB2D,Botanical Garden,2026-07-19 13:00:00,Gate 4,INA,2026-07-19 13:29:00,Gate 5,29
PID-84D6CF63,Dwarka Sector 21,2026-07-19 13:00:00,Gate 5,Yamuna Bank,2026-07-19 13:33:00,Gate 5,33
PID-21FF1031,INA,2026-07-19 13:00:00,Gate 2,Botanical Garden,2026-07-19 13:27:00,Gate 5,27
PID-D5FA5ED3,Rajiv Chowk,2026-07-19 13:01:00,Gate 1,Mandi House,2026-07-19 14:25:00,Gate 5,84
PID-B4EDAB6F,INA,2026-07-19 13:02:00,Gate 4,Dwarka Sector 21,2026-07-19 13:23:00,Gate 5,21
PID-44E1E116,Yamuna Bank,2026-07-19 13:03:00,Gate 3,Kashmere Gate,2026-07-19 13:15:00,Gate 3,12
PID-7D26B59B,INA,2026-07-19 13:04:00,Gate 3,Botanical Garden,2026-07-19 14:24:00,Gate 2,80
PID-9A1FB676,Rajiv Chowk,2026-07-19 13:04:00,Gate 5,Botanical Garden,2026-07-19 14:33:00,Gate 5,89
PID-ABC7EC77,Dwarka Sector 21,2026-07-19 13:05:00,Gate 5,Rajiv Chowk,2026-07-19 13:18:00,Gate 5,13
PID-681005F9,Mandi House,2026-07-19 13:05:00,Gate 1,Yamuna Bank,2026-07-19 13:34:00,Gate 1,29
PID-752FAAF3,Hauz Khas,2026-07-19 13:07:00,Gate 1,Dwarka Sector 21,2026-07-19 13:50:00,Gate 5,43
PID-5B52F79E,INA,2026-07-19 13:08:00,Gate 1,Dwarka Sector 21,2026-07-19 13:42:00,Gate 4,34
PID-C8219EF9,Botanical Garden,2026-07-19 13:09:00,Gate 2,INA,2026-07-19 13:35:00,Gate 4,26
PID-1639F554,Botanical Garden,2026-07-19 13:10:00,Gate 3,Dwarka Sector 21,2026-07-19 14:27:00,Gate 3,77
PID-63D89769,Dwarka Sector 21,2026-07-19 13:10:00,Gate 3,Yamuna Bank,2026-07-19 13:23:00,Gate 3,13
PID-7C1E7C29,Dwarka Sector 21,2026-07-19 13:11:00,Gate 5,Kashmere Gate,2026-07-19 14:06:00,Gate 2,55
PID-72B39038,Mandi House,2026-07-19 13:13:00,Gate 2,Botanical Garden,2026-07-19 13:24:00,Gate 2,11
PID-F8B1335F,Botanical Garden,2026-07-19 13:13:00,Gate 2,INA,2026-07-19 14:36:00,Gate 5,83
PID-F03E2898,Kashmere Gate,2026-07-19 13:13:00,Gate 4,Dwarka Sector 21,2026-07-19 14:23:00,Gate 5,70
PID-40406846,Mandi House,2026-07-19 13:14:00,Gate 1,Hauz Khas,2026-07-19 13:43:00,Gate 1,29
PID-C96866C2,INA,2026-07-19 13:14:00,Gate 4,Botanical Garden,2026-07-19 14:04:00,Gate 5,50
PID-16FD2426,Mandi House,2026-07-19 13:15:00,Gate 3,Hauz Khas,2026-07-19 14:17:00,Gate 2,62
PID-88FDED12,Mandi House,2026-07-19 13:16:00,Gate 5,INA,2026-07-19 14:43:00,Gate 2,87
PID-D9A49522,Yamuna Bank,2026-07-19 13:19:00,Gate 4,Mandi House,2026-07-19 14:35:00,Gate 4,76
PID-CCD2ACB9,Rajiv Chowk,2026-07-19 13:21:00,Gate 2,Dwarka Sector 21,2026-07-19 14:03:00,Gate 3,42
PID-F9893BF9,Yamuna Bank,2026-07-19 13:21:00,Gate 5,Dwarka Sector 21,2026-07-19 14:20:00,Gate 5,59
PID-DE2F832F,Dwarka Sector 21,2026-07-19 13:21:00,Gate 4,Rajiv Chowk,2026-07-19 14:04:00,Gate 5,43
PID-83C49D07,Yamuna Bank,2026-07-19 13:22:00,Gate 1,Hauz Khas,2026-07-19 13:50:00,Gate 4,28
PID-E7D21922,INA,2026-07-19 13:22:00,Gate 4,Hauz Khas,2026-07-19 14:05:00,Gate 5,43
PID-B8921A24,Dwarka Sector 21,2026-07-19 13:23:00,Gate 5,Botanical Garden,2026-07-19 13:35:00,Gate 3,12
PID-05E78D17,Yamuna Bank,2026-07-19 13:23:00,Gate 2,INA,2026-07-19 13:55:00,Gate 5,32
PID-18C743FE,Yamuna Bank,2026-07-19 13:24:00,Gate 1,Kashmere Gate,2026-07-19 13:36:00,Gate 4,12
PID-8B510239,Yamuna Bank,2026-07-19 13:25:00,Gate 3,INA,2026-07-19 13:41:00,Gate 4,16
PID-4DB7FDDB,Kashmere Gate,2026-07-19 13:25:00,Gate 3,Mandi House,2026-07-19 13:50:00,Gate 2,25
PID-EAD8CA48,Botanical Garden,2026-07-19 13:25:00,Gate 1,Mandi House,2026-07-19 14:07:00,Gate 1,42
PID-B31D9C53,Rajiv Chowk,2026-07-19 13:26:00,Gate 2,Botanical Garden,2026-07-19 14:55:00,Gate 2,89
PID-CBC75C36,Botanical Garden,2026-07-19 13:27:00,Gate 3,Mandi House,2026-07-19 13:57:00,Gate 4,30
PID-330F1A47,Botanical Garden,2026-07-19 13:29:00,Gate 4,Rajiv Chowk,2026-07-19 14:27:00,Gate 1,58
PID-BFF1366A,Rajiv Chowk,2026-07-19 13:29:00,Gate 2,Mandi House,2026-07-19 14:51:00,Gate 3,82
PID-588A5F0D,Botanical Garden,2026-07-19 13:29:00,Gate 3,Rajiv Chowk,2026-07-19 13:40:00,Gate 5,11
PID-223BAB31,Mandi House,2026-07-19 13:30:00,Gate 4,Kashmere Gate,2026-07-19 14:47:00,Gate 1,77
PID-E94D02C6,Kashmere Gate,2026-07-19 13:30:00,Gate 3,INA,2026-07-19 14:16:00,Gate 2,46
PID-3112AD9E,Dwarka Sector 21,2026-07-19 13:32:00,Gate 3,Hauz Khas,2026-07-19 14:26:00,Gate 1,54
PID-9FE3C207,Mandi House,2026-07-19 13:33:00,Gate 2,Hauz Khas,2026-07-19 14:51:00,Gate 5,78
PID-C5024115,Hauz Khas,2026-07-19 13:33:00,Gate 1,INA,2026-07-19 13:53:00,Gate 5,20
PID-C2587A67,INA,2026-07-19 13:33:00,Gate 5,Kashmere Gate,2026-07-19 14:45:00,Gate 5,72
PID-F20B831F,INA,2026-07-19 13:33:00,Gate 5,Mandi House,2026-07-19 14:36:00,Gate 1,63
PID-A4C0CF11,Rajiv Chowk,2026-07-19 13:34:00,Gate 1,Yamuna Bank,2026-07-19 14:47:00,Gate 4,73
PID-C793FFBE,INA,2026-07-19 13:36:00,Gate 5,Mandi House,2026-07-19 14:35:00,Gate 5,59
PID-57A0AB8E,Kashmere Gate,2026-07-19 13:37:00,Gate 5,Yamuna Bank,2026-07-19 14:08:00,Gate 2,31
PID-8BA26299,INA,2026-07-19 13:37:00,Gate 1,Dwarka Sector 21,2026-07-19 14:01:00,Gate 3,24
PID-A6194B31,Rajiv Chowk,2026-07-19 13:38:00,Gate 1,Hauz Khas,2026-07-19 14:59:00,Gate 3,81
PID-331B578A,Kashmere Gate,2026-07-19 13:38:00,Gate 3,Yamuna Bank,2026-07-19 14:40:00,Gate 3,62
PID-AF3B11D8,Mandi House,2026-07-19 13:38:00,Gate 3,INA,2026-07-19 14:29:00,Gate 3,51
PID-A9AD534F,Botanical Garden,2026-07-19 13:38:00,Gate 2,Rajiv Chowk,2026-07-19 14:13:00,Gate 2,35
PID-FC0A18B4,Hauz Khas,2026-07-19 13:39:00,Gate 2,Dwarka Sector 21,2026-07-19 14:20:00,Gate 4,41
PID-680DDA12,Rajiv Chowk,2026-07-19 13:40:00,Gate 1,Hauz Khas,2026-07-19 14:26:00,Gate 5,46
PID-019CE3DB,INA,2026-07-19 13:40:00,Gate 5,Botanical Garden,2026-07-19 15:04:00,Gate 2,84
PID-6D286482,Yamuna Bank,2026-07-19 13:41:00,Gate 4,Botanical Garden,2026-07-19 14:09:00,Gate 1,28
PID-8341A756,Mandi House,2026-07-19 13:42:00,Gate 1,Dwarka Sector 21,2026-07-19 14:43:00,Gate 4,61
PID-8D598F28,Dwarka Sector 21,2026-07-19 13:43:00,Gate 4,Rajiv Chowk,2026-07-19 14:54:00,Gate 1,71
PID-BBEBFB63,Hauz Khas,2026-07-19 13:44:00,Gate 2,Botanical Garden,2026-07-19 14:30:00,Gate 1,46
PID-E18C4599,Hauz Khas,2026-07-19 13:46:00,Gate 5,Kashmere Gate,2026-07-19 14:30:00,Gate 3,44
PID-6BE2128B,Yamuna Bank,2026-07-19 13:48:00,Gate 2,Rajiv Chowk,2026-07-19 15:17:00,Gate 1,89
PID-04D0AEC2,Kashmere Gate,2026-07-19 13:48:00,Gate 5,Botanical Garden,2026-07-19 14:21:00,Gate 4,33
PID-9E6F9728,INA,2026-07-19 13:49:00,Gate 5,Dwarka Sector 21,2026-07-19 14:56:00,Gate 5,67
PID-29C10ECC,INA,2026-07-19 13:49:00,Gate 2,Rajiv Chowk,2026-07-19 14:46:00,Gate 3,57
PID-0B179EB8,INA,2026-07-19 13:50:00,Gate 5,Hauz Khas,2026-07-19 14:23:00,Gate 5,33
PID-CA4D87BB,Dwarka Sector 21,2026-07-19 13:50:00,Gate 3,Hauz Khas,2026-07-19 14:26:00,Gate 2,36
PID-7B08239C,Mandi House,2026-07-19 13:51:00,Gate 5,Rajiv Chowk,2026-07-19 14:03:00,Gate 5,12
PID-B3F136D3,Hauz Khas,2026-07-19 13:51:00,Gate 4,Yamuna Bank,2026-07-19 14:58:00,Gate 2,67
PID-1CB74D99,Rajiv Chowk,2026-07-19 13:52:00,Gate 4,Botanical Garden,2026-07-19 15:01:00,Gate 4,69
PID-D27C8537,Kashmere Gate,2026-07-19 13:52:00,Gate 2,Mandi House,2026-07-19 15:19:00,Gate 5,87
PID-AC77B0B6,Kashmere Gate,2026-07-19 13:52:00,Gate 3,Dwarka Sector 21,2026-07-19 14:38:00,Gate 4,46
PID-4B7330F5,Botanical Garden,2026-07-19 13:53:00,Gate 5,Dwarka Sector 21,2026-07-19 14:59:00,Gate 2,66
PID-6EF5CE09,Dwarka Sector 21,2026-07-19 13:53:00,Gate 4,Yamuna Bank,2026-07-19 14:29:00,Gate 4,36
PID-CA8E6801,Yamuna Bank,2026-07-19 13:54:00,Gate 1,Mandi House,2026-07-19 15:01:00,Gate 1,67
PID-1886535E,Rajiv Chowk,2026-07-19 13:54:00,Gate 2,Dwarka Sector 21,2026-07-19 14:49:00,Gate 5,55
PID-042BBF3C,Botanical Garden,2026-07-19 13:56:00,Gate 5,Hauz Khas,2026-07-19 14:13:00,Gate 2,17
PID-10DE3618,Botanical Garden,2026-07-19 13:57:00,Gate 1,Yamuna Bank,2026-07-19 15:03:00,Gate 3,66
PID-407D434A,Kashmere Gate,2026-07-19 13:58:00,Gate 4,Dwarka Sector 21,2026-07-19 14:52:00,Gate 5,54
PID-20BC7764,Dwarka Sector 21,2026-07-19 13:58:00,Gate 4,Botanical Garden,2026-07-19 14:41:00,Gate 4,43
PID-480BB821,Hauz Khas,2026-07-19 13:59:00,Gate 1,Rajiv Chowk,2026-07-19 14:44:00,Gate 4,45
PID-30008332,Hauz Khas,2026-07-19 13:59:00,Gate 3,Kashmere Gate,2026-07-19 15:11:00,Gate 2,72
PID-1746122B,Yamuna Bank,2026-07-19 13:59:00,Gate 4,Rajiv Chowk,2026-07-19 14:34:00,Gate 2,35
PID-912A0070,Yamuna Bank,2026-07-19 13:59:00,Gate 3,Botanical Garden,2026-07-19 14:34:00,Gate 3,35
PID-369BA612,Hauz Khas,2026-07-19 14:00:00,Gate 2,Yamuna Bank,2026-07-19 14:20:00,Gate 5,20
PID-DF4904A0,Botanical Garden,2026-07-19 14:01:00,Gate 5,Mandi House,2026-07-19 15:15:00,Gate 4,74
PID-E9D56855,Yamuna Bank,2026-07-19 14:01:00,Gate 1,Mandi House,2026-07-19 14:36:00,Gate 4,35
PID-882B6E0B,Kashmere Gate,2026-07-19 14:01:00,Gate 2,Rajiv Chowk,2026-07-19 15:30:00,Gate 1,89
PID-25148E35,Rajiv Chowk,2026-07-19 14:02:00,Gate 2,Hauz Khas,2026-07-19 14:36:00,Gate 3,34
PID-C86D1255,Hauz Khas,2026-07-19 14:04:00,Gate 2,Botanical Garden,2026-07-19 14:15:00,Gate 2,11
PID-A026C8A9,INA,2026-07-19 14:05:00,Gate 4,Kashmere Gate,2026-07-19 15:24:00,Gate 3,79
PID-C91EA629,Dwarka Sector 21,2026-07-19 14:05:00,Gate 1,Hauz Khas,2026-07-19 14:32:00,Gate 4,27
PID-25FBA889,Mandi House,2026-07-19 14:06:00,Gate 1,Kashmere Gate,2026-07-19 15:00:00,Gate 2,54
PID-23880339,Hauz Khas,2026-07-19 14:06:00,Gate 1,Botanical Garden,2026-07-19 14:53:00,Gate 1,47
PID-921643D2,Dwarka Sector 21,2026-07-19 14:10:00,Gate 3,Botanical Garden,2026-07-19 14:31:00,Gate 3,21
PID-2B7BFFB0,Dwarka Sector 21,2026-07-19 14:13:00,Gate 3,Yamuna Bank,2026-07-19 14:38:00,Gate 1,25
PID-C1EB1D0A,Rajiv Chowk,2026-07-19 14:13:00,Gate 3,Yamuna Bank,2026-07-19 15:01:00,Gate 2,48
PID-FA235D79,Dwarka Sector 21,2026-07-19 14:14:00,Gate 1,Yamuna Bank,2026-07-19 15:37:00,Gate 3,83
PID-8922D49F,INA,2026-07-19 14:14:00,Gate 2,Rajiv Chowk,2026-07-19 14:37:00,Gate 5,23
PID-920F3E09,Kashmere Gate,2026-07-19 14:14:00,Gate 1,Hauz Khas,2026-07-19 15:42:00,Gate 4,88
PID-A0B80CEA,Botanical Garden,2026-07-19 14:16:00,Gate 4,Kashmere Gate,2026-07-19 14:45:00,Gate 5,29
PID-B79BD7AC,Botanical Garden,2026-07-19 14:17:00,Gate 2,Yamuna Bank,2026-07-19 15:21:00,Gate 2,64
PID-9E83883F,Yamuna Bank,2026-07-19 14:17:00,Gate 2,Botanical Garden,2026-07-19 15:26:00,Gate 1,69
PID-BAB7ED69,Hauz Khas,2026-07-19 14:18:00,Gate 2,Yamuna Bank,2026-07-19 15:06:00,Gate 5,48
PID-DDDF24DC,Dwarka Sector 21,2026-07-19 14:18:00,Gate 1,Yamuna Bank,2026-07-19 15:39:00,Gate 5,81
PID-F0E3F161,Botanical Garden,2026-07-19 14:19:00,Gate 5,Dwarka Sector 21,2026-07-19 15:18:00,Gate 5,59
PID-221A0E0B,Botanical Garden,2026-07-19 14:20:00,Gate 3,Hauz Khas,2026-07-19 14:35:00,Gate 4,15
PID-8C49ECD6,Botanical Garden,2026-07-19 14:20:00,Gate 3,INA,2026-07-19 14:50:00,Gate 2,30
PID-E39701B6,Dwarka Sector 21,2026-07-19 14:21:00,Gate 5,INA,2026-07-19 14:53:00,Gate 1,32
PID-BAC7F9E6,Kashmere Gate,2026-07-19 14:22:00,Gate 4,Rajiv Chowk,2026-07-19 15:18:00,Gate 4,56
PID-3B0F369D,Yamuna Bank,2026-07-19 14:24:00,Gate 2,Rajiv Chowk,2026-07-19 15:30:00,Gate 4,66
PID-42CF2FE1,Dwarka Sector 21,2026-07-19 14:25:00,Gate 1,Yamuna Bank,2026-07-19 15:25:00,Gate 4,60
PID-1092289D,Hauz Khas,2026-07-19 14:25:00,Gate 4,INA,2026-07-19 15:19:00,Gate 5,54
PID-6AE4BFB5,Botanical Garden,2026-07-19 14:26:00,Gate 3,INA,2026-07-19 15:05:00,Gate 2,39
PID-943E5061,Hauz Khas,2026-07-19 14:28:00,Gate 2,INA,2026-07-19 14:41:00,Gate 1,13
PID-CD63A3ED,INA,2026-07-19 14:31:00,Gate 4,Rajiv Chowk,2026-07-19 14:52:00,Gate 3,21
PID-ED41F2E0,Dwarka Sector 21,2026-07-19 14:31:00,Gate 2,INA,2026-07-19 15:31:00,Gate 1,60
PID-A51785E7,Mandi House,2026-07-19 14:32:00,Gate 2,Botanical Garden,2026-07-19 15:47:00,Gate 5,75
PID-4A415084,INA,2026-07-19 14:33:00,Gate 4,Yamuna Bank,2026-07-19 15:25:00,Gate 1,52
PID-503A9F32,Rajiv Chowk,2026-07-19 14:34:00,Gate 3,Hauz Khas,2026-07-19 15:51:00,Gate 3,77
PID-EF4CCEE2,Kashmere Gate,2026-07-19 14:35:00,Gate 2,Rajiv Chowk,2026-07-19 15:33:00,Gate 5,58
PID-473435BD,Yamuna Bank,2026-07-19 14:35:00,Gate 3,INA,2026-07-19 15:48:00,Gate 4,73
PID-97A3A67E,Kashmere Gate,2026-07-19 14:35:00,Gate 5,Rajiv Chowk,2026-07-19 14:54:00,Gate 5,19
PID-22B7CA6A,Hauz Khas,2026-07-19 14:36:00,Gate 1,INA,2026-07-19 14:52:00,Gate 2,16
PID-E27137CD,Hauz Khas,2026-07-19 14:36:00,Gate 5,Yamuna Bank,2026-07-19 15:19:00,Gate 5,43
PID-AB8B3C97,Kashmere Gate,2026-07-19 14:36:00,Gate 1,Hauz Khas,2026-07-19 14:58:00,Gate 4,22
PID-F514B386,Mandi House,2026-07-19 14:37:00,Gate 3,INA,2026-07-19 15:39:00,Gate 4,62
PID-6B79CBBD,Dwarka Sector 21,2026-07-19 14:38:00,Gate 4,Kashmere Gate,2026-07-19 15:22:00,Gate 5,44
PID-AC890439,Rajiv Chowk,2026-07-19 14:40:00,Gate 1,Hauz Khas,2026-07-19 15:46:00,Gate 2,66
PID-78E5A07E,INA,2026-07-19 14:41:00,Gate 4,Kashmere Gate,2026-07-19 15:46:00,Gate 1,65
PID-332049C7,INA,2026-07-19 14:43:00,Gate 2,Rajiv Chowk,2026-07-19 15:14:00,Gate 3,31
PID-F1195D7E,Yamuna Bank,2026-07-19 14:45:00,Gate 2,Dwarka Sector 21,2026-07-19 15:26:00,Gate 2,41
PID-3C071E9D,INA,2026-07-19 14:46:00,Gate 4,Rajiv Chowk,2026-07-19 15:46:00,Gate 2,60
PID-82CD470C,INA,2026-07-19 14:47:00,Gate 4,Botanical Garden,2026-07-19 16:13:00,Gate 3,86
PID-134E3A79,Hauz Khas,2026-07-19 14:48:00,Gate 1,Dwarka Sector 21,2026-07-19 15:46:00,Gate 2,58
PID-14A25C0B,Mandi House,2026-07-19 14:49:00,Gate 3,Kashmere Gate,2026-07-19 15:24:00,Gate 1,35
PID-865684C1,Kashmere Gate,2026-07-19 14:49:00,Gate 1,Hauz Khas,2026-07-19 15:35:00,Gate 5,46
PID-A41BA3D8,Mandi House,2026-07-19 14:50:00,Gate 2,Botanical Garden,2026-07-19 16:14:00,Gate 5,84
PID-2FE29277,Mandi House,2026-07-19 14:51:00,Gate 1,Kashmere Gate,2026-07-19 16:04:00,Gate 2,73
PID-D0EA450F,Botanical Garden,2026-07-19 14:56:00,Gate 5,Hauz Khas,2026-07-19 16:13:00,Gate 2,77
PID-5CFF55DC,Kashmere Gate,2026-07-19 14:57:00,Gate 4,INA,2026-07-19 15:31:00,Gate 2,34
PID-7974006C,Dwarka Sector 21,2026-07-19 14:57:00,Gate 2,Rajiv Chowk,2026-07-19 16:18:00,Gate 5,81
PID-B0C4380F,Rajiv Chowk,2026-07-19 14:57:00,Gate 2,Botanical Garden,2026-07-19 16:06:00,Gate 2,69
PID-17DDC09D,Yamuna Bank,2026-07-19 14:57:00,Gate 3,Kashmere Gate,2026-07-19 15:49:00,Gate 1,52
PID-DE7D8FB7,Yamuna Bank,2026-07-19 14:58:00,Gate 1,Hauz Khas,2026-07-19 15:21:00,Gate 1,23
PID-D3E8E89B,Dwarka Sector 21,2026-07-19 14:58:00,Gate 4,Mandi House,2026-07-19 15:32:00,Gate 4,34
PID-B59111F5,Mandi House,2026-07-19 14:59:00,Gate 1,Dwarka Sector 21,2026-07-19 15:14:00,Gate 5,15
PID-9270BA95,Mandi House,2026-07-19 14:59:00,Gate 1,Dwarka Sector 21,2026-07-19 15:45:00,Gate 1,46
PID-361C4C03,INA,2026-07-19 15:00:00,Gate 2,Dwarka Sector 21,2026-07-19 16:29:00,Gate 4,89
PID-9E70825B,Rajiv Chowk,2026-07-19 15:00:00,Gate 4,Hauz Khas,2026-07-19 16:21:00,Gate 1,81
PID-F7F48381,Botanical Garden,2026-07-19 15:00:00,Gate 4,Hauz Khas,2026-07-19 15:54:00,Gate 4,54
PID-F3E48739,Dwarka Sector 21,2026-07-19 15:02:00,Gate 3,Mandi House,2026-07-19 16:18:00,Gate 4,76
PID-01A2D4D9,Yamuna Bank,2026-07-19 15:02:00,Gate 4,Dwarka Sector 21,2026-07-19 15:18:00,Gate 1,16
PID-46BCA852,Hauz Khas,2026-07-19 15:03:00,Gate 2,Rajiv Chowk,2026-07-19 16:16:00,Gate 5,73
PID-4B64A5CA,Yamuna Bank,2026-07-19 15:03:00,Gate 1,Botanical Garden,2026-07-19 16:32:00,Gate 5,89
PID-792A5E06,Botanical Garden,2026-07-19 15:04:00,Gate 1,INA,2026-07-19 15:59:00,Gate 4,55
PID-0EAF02E8,Dwarka Sector 21,2026-07-19 15:05:00,Gate 3,Kashmere Gate,2026-07-19 16:02:00,Gate 1,57
PID-07930AA0,Mandi House,2026-07-19 15:06:00,Gate 3,Yamuna Bank,2026-07-19 15:58:00,Gate 1,52
PID-7DBFCE43,Hauz Khas,2026-07-19 15:07:00,Gate 4,Rajiv Chowk,2026-07-19 15:35:00,Gate 4,28
PID-6EB248A2,Mandi House,2026-07-19 15:07:00,Gate 5,Yamuna Bank,2026-07-19 15:44:00,Gate 2,37
PID-DE3B97CE,Kashmere Gate,2026-07-19 15:07:00,Gate 4,Botanical Garden,2026-07-19 16:33:00,Gate 2,86
PID-9BDBD69C,Kashmere Gate,2026-07-19 15:09:00,Gate 3,Mandi House,2026-07-19 16:19:00,Gate 4,70
PID-2F53AECE,Yamuna Bank,2026-07-19 15:09:00,Gate 4,Hauz Khas,2026-07-19 16:38:00,Gate 3,89
PID-4D7C55F9,Yamuna Bank,2026-07-19 15:10:00,Gate 2,Botanical Garden,2026-07-19 15:52:00,Gate 5,42
PID-FB320C52,Rajiv Chowk,2026-07-19 15:10:00,Gate 1,INA,2026-07-19 15:23:00,Gate 3,13
PID-5082A49F,INA,2026-07-19 15:10:00,Gate 4,Hauz Khas,2026-07-19 15:21:00,Gate 5,11
PID-D9A59B7A,Rajiv Chowk,2026-07-19 15:10:00,Gate 4,Kashmere Gate,2026-07-19 16:18:00,Gate 5,68
PID-AA79B159,INA,2026-07-19 15:12:00,Gate 2,Mandi House,2026-07-19 15:58:00,Gate 3,46
PID-E58EFB77,Rajiv Chowk,2026-07-19 15:14:00,Gate 2,INA,2026-07-19 16:26:00,Gate 5,72
PID-4C98022F,Hauz Khas,2026-07-19 15:14:00,Gate 1,Mandi House,2026-07-19 15:55:00,Gate 1,41
PID-1595B854,Dwarka Sector 21,2026-07-19 15:16:00,Gate 5,Yamuna Bank,2026-07-19 16:34:00,Gate 2,78
PID-F599224E,Mandi House,2026-07-19 15:17:00,Gate 4,Botanical Garden,2026-07-19 16:45:00,Gate 4,88
PID-298D3C3F,INA,2026-07-19 15:19:00,Gate 4,Kashmere Gate,2026-07-19 15:31:00,Gate 3,12
PID-779626A2,Yamuna Bank,2026-07-19 15:21:00,Gate 4,Mandi House,2026-07-19 16:37:00,Gate 5,76
PID-A97C7F21,Yamuna Bank,2026-07-19 15:21:00,Gate 3,INA,2026-07-19 16:13:00,Gate 2,52
PID-1291ABFE,Mandi House,2026-07-19 15:21:00,Gate 1,Hauz Khas,2026-07-19 16:31:00,Gate 2,70
PID-A97B1948,Dwarka Sector 21,2026-07-19 15:23:00,Gate 1,Rajiv Chowk,2026-07-19 16:27:00,Gate 2,64
PID-7F8980EC,Kashmere Gate,2026-07-19 15:23:00,Gate 5,INA,2026-07-19 16:44:00,Gate 1,81
PID-84F76478,Hauz Khas,2026-07-19 15:23:00,Gate 3,INA,2026-07-19 16:43:00,Gate 4,80
PID-7A81735D,Hauz Khas,2026-07-19 15:24:00,Gate 3,Kashmere Gate,2026-07-19 16:19:00,Gate 2,55
PID-08E67064,Mandi House,2026-07-19 15:24:00,Gate 2,Kashmere Gate,2026-07-19 16:50:00,Gate 2,86
PID-3CA9FD3E,Botanical Garden,2026-07-19 15:24:00,Gate 3,Dwarka Sector 21,2026-07-19 15:39:00,Gate 3,15
PID-46224391,Yamuna Bank,2026-07-19 15:25:00,Gate 3,Botanical Garden,2026-07-19 16:34:00,Gate 4,69
PID-B05E3CDE,Kashmere Gate,2026-07-19 15:25:00,Gate 2,Yamuna Bank,2026-07-19 16:39:00,Gate 1,74
PID-F16FE1E7,Rajiv Chowk,2026-07-19 15:27:00,Gate 5,Kashmere Gate,2026-07-19 16:30:00,Gate 5,63
PID-437DFE7E,Yamuna Bank,2026-07-19 15:28:00,Gate 5,Dwarka Sector 21,2026-07-19 16:47:00,Gate 1,79
PID-ECB6B0C9,Hauz Khas,2026-07-19 15:29:00,Gate 1,Rajiv Chowk,2026-07-19 15:43:00,Gate 5,14
PID-A52DB3FA,Botanical Garden,2026-07-19 15:30:00,Gate 1,Dwarka Sector 21,2026-07-19 16:31:00,Gate 4,61
PID-4383EF38,Rajiv Chowk,2026-07-19 15:31:00,Gate 4,Mandi House,2026-07-19 16:58:00,Gate 3,87
PID-F5602F2C,Hauz Khas,2026-07-19 15:33:00,Gate 4,INA,2026-07-19 16:36:00,Gate 1,63
PID-30DFE9D6,Dwarka Sector 21,2026-07-19 15:34:00,Gate 1,Mandi House,2026-07-19 16:10:00,Gate 2,36
PID-41FBE937,Dwarka Sector 21,2026-07-19 15:34:00,Gate 5,Rajiv Chowk,2026-07-19 16:03:00,Gate 1,29
PID-DBE6D696,Hauz Khas,2026-07-19 15:34:00,Gate 1,Rajiv Chowk,2026-07-19 16:01:00,Gate 5,27
PID-CC120B12,Botanical Garden,2026-07-19 15:35:00,Gate 4,Dwarka Sector 21,2026-07-19 16:19:00,Gate 1,44
PID-E45BDFA4,Hauz Khas,2026-07-19 15:35:00,Gate 3,INA,2026-07-19 16:31:00,Gate 5,56
PID-F790064D,Mandi House,2026-07-19 15:35:00,Gate 3,Kashmere Gate,2026-07-19 16:53:00,Gate 1,78
PID-7176F869,Dwarka Sector 21,2026-07-19 15:36:00,Gate 2,Botanical Garden,2026-07-19 16:15:00,Gate 5,39
PID-1F61ED03,Dwarka Sector 21,2026-07-19 15:37:00,Gate 5,Hauz Khas,2026-07-19 17:00:00,Gate 3,83
PID-85EB73D1,INA,2026-07-19 15:38:00,Gate 2,Mandi House,2026-07-19 16:35:00,Gate 4,57
PID-F88E6281,Rajiv Chowk,2026-07-19 15:38:00,Gate 2,Mandi House,2026-07-19 16:18:00,Gate 3,40
PID-8DA3D5D9,Hauz Khas,2026-07-19 15:39:00,Gate 5,Rajiv Chowk,2026-07-19 16:21:00,Gate 5,42
PID-95B1174D,Yamuna Bank,2026-07-19 15:39:00,Gate 1,Rajiv Chowk,2026-07-19 16:04:00,Gate 3,25
PID-7C417135,Yamuna Bank,2026-07-19 15:41:00,Gate 4,Kashmere Gate,2026-07-19 16:33:00,Gate 1,52
PID-C206FC6C,Kashmere Gate,2026-07-19 15:41:00,Gate 2,INA,2026-07-19 16:43:00,Gate 4,62
PID-82F9E039,Dwarka Sector 21,2026-07-19 15:42:00,Gate 1,INA,2026-07-19 16:36:00,Gate 2,54
PID-011522C1,Hauz Khas,2026-07-19 15:43:00,Gate 1,Dwarka Sector 21,2026-07-19 16:00:00,Gate 2,17
PID-186E1EE9,Hauz Khas,2026-07-19 15:43:00,Gate 4,Mandi House,2026-07-19 16:40:00,Gate 5,57
PID-4C1C4A85,Yamuna Bank,2026-07-19 15:44:00,Gate 1,Kashmere Gate,2026-07-19 16:33:00,Gate 2,49
PID-39A31CC9,Mandi House,2026-07-19 15:44:00,Gate 1,INA,2026-07-19 16:58:00,Gate 4,74
PID-BD2EE24B,Botanical Garden,2026-07-19 15:45:00,Gate 2,Rajiv Chowk,2026-07-19 16:06:00,Gate 2,21
PID-741FAEC4,Rajiv Chowk,2026-07-19 15:45:00,Gate 5,Kashmere Gate,2026-07-19 16:55:00,Gate 5,70
PID-AE5B798B,Kashmere Gate,2026-07-19 15:46:00,Gate 3,Rajiv Chowk,2026-07-19 16:45:00,Gate 3,59
PID-D42D9A6C,Botanical Garden,2026-07-19 15:46:00,Gate 1,Rajiv Chowk,2026-07-19 16:09:00,Gate 3,23
PID-34D84029,Mandi House,2026-07-19 15:47:00,Gate 5,Botanical Garden,2026-07-19 16:41:00,Gate 3,54
PID-D2575D1E,Kashmere Gate,2026-07-19 15:48:00,Gate 2,Hauz Khas,2026-07-19 16:09:00,Gate 2,21
PID-29D70B58,Yamuna Bank,2026-07-19 15:48:00,Gate 1,Botanical Garden,2026-07-19 16:04:00,Gate 2,16
PID-894119D8,Mandi House,2026-07-19 15:48:00,Gate 2,Dwarka Sector 21,2026-07-19 17:00:00,Gate 5,72
PID-9D9FE721,Rajiv Chowk,2026-07-19 15:49:00,Gate 3,INA,2026-07-19 16:09:00,Gate 1,20
PID-4E18485B,Botanical Garden,2026-07-19 15:51:00,Gate 1,Yamuna Bank,2026-07-19 16:11:00,Gate 4,20
PID-5AA6FE2A,INA,2026-07-19 15:51:00,Gate 5,Mandi House,2026-07-19 16:09:00,Gate 2,18
PID-D0084B23,Kashmere Gate,2026-07-19 15:52:00,Gate 1,Yamuna Bank,2026-07-19 16:08:00,Gate 5,16
PID-4B10D89C,Hauz Khas,2026-07-19 15:52:00,Gate 4,Kashmere Gate,2026-07-19 16:14:00,Gate 4,22
PID-14E4B610,Kashmere Gate,2026-07-19 15:52:00,Gate 2,INA,2026-07-19 16:36:00,Gate 5,44
PID-6890D1D5,Dwarka Sector 21,2026-07-19 15:55:00,Gate 5,Yamuna Bank,2026-07-19 17:01:00,Gate 5,66
PID-75BF115A,Rajiv Chowk,2026-07-19 15:57:00,Gate 5,Mandi House,2026-07-19 17:05:00,Gate 1,68
PID-EC01B35C,Yamuna Bank,2026-07-19 15:57:00,Gate 2,INA,2026-07-19 16:50:00,Gate 3,53
PID-639E9A07,Rajiv Chowk,2026-07-19 15:57:00,Gate 2,Yamuna Bank,2026-07-19 17:04:00,Gate 4,67
PID-13696C25,Botanical Garden,2026-07-19 15:58:00,Gate 5,Kashmere Gate,2026-07-19 16:21:00,Gate 3,23
PID-190FC328,Mandi House,2026-07-19 15:59:00,Gate 5,Hauz Khas,2026-07-19 16:21:00,Gate 5,22
PID-EEA6CE24,Kashmere Gate,2026-07-19 16:00:00,Gate 5,Botanical Garden,2026-07-19 17:08:00,Gate 2,68
PID-C7EB6AFE,Hauz Khas,2026-07-19 16:02:00,Gate 4,Rajiv Chowk,2026-07-19 16:17:00,Gate 1,15
PID-F62D234D,Rajiv Chowk,2026-07-19 16:02:00,Gate 2,Kashmere Gate,2026-07-19 16:40:00,Gate 2,38
PID-B47CEF2E,Yamuna Bank,2026-07-19 16:05:00,Gate 4,Rajiv Chowk,2026-07-19 17:25:00,Gate 2,80
PID-EC4C0E4D,Botanical Garden,2026-07-19 16:07:00,Gate 2,Dwarka Sector 21,2026-07-19 17:33:00,Gate 4,86
PID-AB4B9A8B,Mandi House,2026-07-19 16:08:00,Gate 1,Yamuna Bank,2026-07-19 16:30:00,Gate 5,22
PID-E0274F02,Dwarka Sector 21,2026-07-19 16:08:00,Gate 4,Mandi House,2026-07-19 16:20:00,Gate 5,12
PID-0CD256F7,Kashmere Gate,2026-07-19 16:08:00,Gate 5,Dwarka Sector 21,2026-07-19 17:02:00,Gate 5,54
PID-C6664BE8,Hauz Khas,2026-07-19 16:09:00,Gate 5,Dwarka Sector 21,2026-07-19 16:58:00,Gate 1,49
PID-F02F58B3,Kashmere Gate,2026-07-19 16:09:00,Gate 1,Botanical Garden,2026-07-19 17:00:00,Gate 1,51
PID-36B64FCB,Kashmere Gate,2026-07-19 16:10:00,Gate 4,Yamuna Bank,2026-07-19 16:47:00,Gate 3,37
PID-E75816B6,Kashmere Gate,2026-07-19 16:10:00,Gate 3,Botanical Garden,2026-07-19 17:15:00,Gate 5,65
PID-4263C9AA,Dwarka Sector 21,2026-07-19 16:11:00,Gate 2,INA,2026-07-19 16:36:00,Gate 5,25
PID-D910A84E,Rajiv Chowk,2026-07-19 16:13:00,Gate 1,Hauz Khas,2026-07-19 17:29:00,Gate 3,76
PID-B20B8797,Botanical Garden,2026-07-19 16:15:00,Gate 4,Rajiv Chowk,2026-07-19 16:37:00,Gate 3,22
PID-F4B5EDCA,Kashmere Gate,2026-07-19 16:15:00,Gate 2,INA,2026-07-19 16:50:00,Gate 1,35
PID-2A1E01A5,Hauz Khas,2026-07-19 16:16:00,Gate 2,Botanical Garden,2026-07-19 16:50:00,Gate 3,34
PID-86BB48FD,Mandi House,2026-07-19 16:18:00,Gate 2,Rajiv Chowk,2026-07-19 17:15:00,Gate 1,57
PID-0DF68D27,Botanical Garden,2026-07-19 16:18:00,Gate 1,Hauz Khas,2026-07-19 17:26:00,Gate 4,68
PID-139368B4,Yamuna Bank,2026-07-19 16:19:00,Gate 4,INA,2026-07-19 16:47:00,Gate 5,28
PID-D69E44A6,Mandi House,2026-07-19 16:22:00,Gate 3,Kashmere Gate,2026-07-19 16:35:00,Gate 4,13
PID-54BC6BE5,Botanical Garden,2026-07-19 16:23:00,Gate 1,INA,2026-07-19 17:49:00,Gate 5,86
PID-8D7DFE7F,Kashmere Gate,2026-07-19 16:25:00,Gate 3,INA,2026-07-19 16:48:00,Gate 5,23
PID-8AAED788,Kashmere Gate,2026-07-19 16:25:00,Gate 2,Hauz Khas,2026-07-19 17:31:00,Gate 1,66
PID-ADC66C13,Rajiv Chowk,2026-07-19 16:26:00,Gate 2,Botanical Garden,2026-07-19 17:07:00,Gate 3,41
PID-DE626E4C,Mandi House,2026-07-19 16:28:00,Gate 2,Hauz Khas,2026-07-19 16:53:00,Gate 3,25
PID-831BC5AF,Hauz Khas,2026-07-19 16:29:00,Gate 1,Botanical Garden,2026-07-19 17:38:00,Gate 1,69
PID-023D25D0,Mandi House,2026-07-19 16:29:00,Gate 4,Rajiv Chowk,2026-07-19 17:59:00,Gate 5,90
PID-39C61E6C,Kashmere Gate,2026-07-19 16:29:00,Gate 4,Botanical Garden,2026-07-19 17:05:00,Gate 2,36
PID-6C19D7AF,Hauz Khas,2026-07-19 16:31:00,Gate 3,INA,2026-07-19 17:34:00,Gate 5,63
PID-3E0B6D5B,Botanical Garden,2026-07-19 16:31:00,Gate 2,Yamuna Bank,2026-07-19 17:03:00,Gate 5,32
PID-46FB6EEB,Dwarka Sector 21,2026-07-19 16:32:00,Gate 1,Rajiv Chowk,2026-07-19 17:20:00,Gate 1,48
PID-AA6425D3,Botanical Garden,2026-07-19 16:32:00,Gate 5,Kashmere Gate,2026-07-19 16:51:00,Gate 3,19
PID-FAF65EE9,Yamuna Bank,2026-07-19 16:32:00,Gate 5,Rajiv Chowk,2026-07-19 16:50:00,Gate 5,18
PID-10E9FE43,Rajiv Chowk,2026-07-19 16:33:00,Gate 2,INA,2026-07-19 17:59:00,Gate 5,86
PID-815534B3,Yamuna Bank,2026-07-19 16:34:00,Gate 4,Hauz Khas,2026-07-19 17:10:00,Gate 4,36
PID-EC1C58D9,Rajiv Chowk,2026-07-19 16:35:00,Gate 5,Kashmere Gate,2026-07-19 17:02:00,Gate 5,27
PID-DA17FE35,Botanical Garden,2026-07-19 16:35:00,Gate 4,INA,2026-07-19 17:11:00,Gate 4,36
PID-1CC0FF6F,Hauz Khas,2026-07-19 16:35:00,Gate 5,INA,2026-07-19 16:56:00,Gate 1,21
PID-3D0430B3,Dwarka Sector 21,2026-07-19 16:38:00,Gate 1,INA,2026-07-19 17:00:00,Gate 3,22
PID-792D3EDB,Kashmere Gate,2026-07-19 16:39:00,Gate 2,Yamuna Bank,2026-07-19 16:59:00,Gate 2,20
PID-4093C671,Dwarka Sector 21,2026-07-19 16:39:00,Gate 1,Mandi House,2026-07-19 17:16:00,Gate 4,37
PID-F489868D,Mandi House,2026-07-19 16:39:00,Gate 5,Yamuna Bank,2026-07-19 16:59:00,Gate 3,20
PID-F8165AE5,Botanical Garden,2026-07-19 16:40:00,Gate 5,Yamuna Bank,2026-07-19 18:08:00,Gate 1,88
PID-542C0E25,Mandi House,2026-07-19 16:40:00,Gate 5,Dwarka Sector 21,2026-07-19 17:02:00,Gate 1,22
PID-CFEEC4A5,INA,2026-07-19 16:42:00,Gate 4,Hauz Khas,2026-07-19 17:00:00,Gate 3,18
PID-EF80A81C,Mandi House,2026-07-19 16:42:00,Gate 4,Botanical Garden,2026-07-19 17:38:00,Gate 2,56
PID-0D568C4D,Dwarka Sector 21,2026-07-19 16:42:00,Gate 5,Botanical Garden,2026-07-19 17:31:00,Gate 2,49
PID-B83758F4,Rajiv Chowk,2026-07-19 16:43:00,Gate 2,Kashmere Gate,2026-07-19 17:31:00,Gate 4,48
PID-E6501DBD,Botanical Garden,2026-07-19 16:44:00,Gate 2,Mandi House,2026-07-19 18:00:00,Gate 3,76
PID-2C67C12F,Yamuna Bank,2026-07-19 16:44:00,Gate 3,INA,2026-07-19 17:35:00,Gate 2,51
PID-35C97E4D,Kashmere Gate,2026-07-19 16:45:00,Gate 3,Hauz Khas,2026-07-19 17:02:00,Gate 5,17
PID-719E52D6,Kashmere Gate,2026-07-19 16:45:00,Gate 1,Hauz Khas,2026-07-19 17:02:00,Gate 4,17
PID-4B2EED97,Kashmere Gate,2026-07-19 16:46:00,Gate 4,Mandi House,2026-07-19 17:18:00,Gate 5,32
PID-D56DD9F9,INA,2026-07-19 16:46:00,Gate 3,Dwarka Sector 21,2026-07-19 18:07:00,Gate 3,81
PID-EA847F15,Kashmere Gate,2026-07-19 16:47:00,Gate 4,Hauz Khas,2026-07-19 17:12:00,Gate 4,25
PID-5413FFF1,Botanical Garden,2026-07-19 16:47:00,Gate 3,Yamuna Bank,2026-07-19 18:05:00,Gate 1,78
PID-C56D206B,Kashmere Gate,2026-07-19 16:47:00,Gate 1,Mandi House,2026-07-19 17:41:00,Gate 4,54
PID-BE229CA2,Mandi House,2026-07-19 16:48:00,Gate 2,INA,2026-07-19 17:17:00,Gate 3,29
PID-2CE4C5EF,INA,2026-07-19 16:49:00,Gate 4,Yamuna Bank,2026-07-19 17:41:00,Gate 1,52
PID-8E1C2A68,Yamuna Bank,2026-07-19 16:50:00,Gate 3,Dwarka Sector 21,2026-07-19 18:20:00,Gate 1,90
PID-70012500,Kashmere Gate,2026-07-19 16:50:00,Gate 2,Hauz Khas,2026-07-19 17:08:00,Gate 3,18
PID-3311FD76,Kashmere Gate,2026-07-19 16:51:00,Gate 2,Dwarka Sector 21,2026-07-19 17:58:00,Gate 1,67
PID-939F480A,INA,2026-07-19 16:52:00,Gate 1,Mandi House,2026-07-19 18:21:00,Gate 1,89
PID-4466D2F1,Yamuna Bank,2026-07-19 16:53:00,Gate 3,Mandi House,2026-07-19 17:59:00,Gate 2,66
PID-0690DCE9,Kashmere Gate,2026-07-19 16:53:00,Gate 4,INA,2026-07-19 17:22:00,Gate 4,29
PID-3A861F0A,Kashmere Gate,2026-07-19 16:53:00,Gate 1,INA,2026-07-19 17:25:00,Gate 3,32
PID-CE8E4B74,Hauz Khas,2026-07-19 16:54:00,Gate 5,Rajiv Chowk,2026-07-19 17:24:00,Gate 4,30
PID-B3366793,INA,2026-07-19 16:55:00,Gate 1,Mandi House,2026-07-19 17:59:00,Gate 4,64
PID-A0AD793D,Kashmere Gate,2026-07-19 16:55:00,Gate 5,Dwarka Sector 21,2026-07-19 17:56:00,Gate 4,61
PID-BFBB4A72,Rajiv Chowk,2026-07-19 16:56:00,Gate 4,Mandi House,2026-07-19 18:03:00,Gate 3,67
PID-82E57C94,Botanical Garden,2026-07-19 16:56:00,Gate 5,Rajiv Chowk,2026-07-19 17:41:00,Gate 3,45
PID-5607A1C6,Botanical Garden,2026-07-19 16:57:00,Gate 4,INA,2026-07-19 17:52:00,Gate 3,55
PID-2215725A,Dwarka Sector 21,2026-07-19 16:58:00,Gate 4,Hauz Khas,2026-07-19 17:51:00,Gate 5,53
PID-668F633F,Botanical Garden,2026-07-19 16:58:00,Gate 5,Yamuna Bank,2026-07-19 17:51:00,Gate 2,53
PID-CB1A0CFC,Dwarka Sector 21,2026-07-19 16:58:00,Gate 4,Botanical Garden,2026-07-19 17:21:00,Gate 5,23
PID-C7978EF8,Dwarka Sector 21,2026-07-19 17:02:00,Gate 2,Yamuna Bank,2026-07-19 17:29:00,Gate 3,27
PID-2A9B77E8,Dwarka Sector 21,2026-07-19 17:02:00,Gate 4,Mandi House,2026-07-19 17:17:00,Gate 2,15
PID-6F7BCE55,Kashmere Gate,2026-07-19 17:03:00,Gate 5,INA,2026-07-19 17:54:00,Gate 4,51
PID-6A9C07A2,Rajiv Chowk,2026-07-19 17:03:00,Gate 2,Hauz Khas,2026-07-19 18:07:00,Gate 4,64
PID-8F690D7B,INA,2026-07-19 17:03:00,Gate 3,Mandi House,2026-07-19 17:15:00,Gate 2,12
PID-6DC449ED,Hauz Khas,2026-07-19 17:04:00,Gate 5,Mandi House,2026-07-19 17:37:00,Gate 3,33
PID-0904096D,Rajiv Chowk,2026-07-19 17:06:00,Gate 1,Hauz Khas,2026-07-19 18:12:00,Gate 2,66
PID-4A945BAF,Yamuna Bank,2026-07-19 17:08:00,Gate 1,Mandi House,2026-07-19 17:44:00,Gate 2,36
PID-80680DF0,Rajiv Chowk,2026-07-19 17:08:00,Gate 1,Mandi House,2026-07-19 17:18:00,Gate 1,10
PID-EF7F0CA1,Rajiv Chowk,2026-07-19 17:09:00,Gate 2,Mandi House,2026-07-19 17:29:00,Gate 3,20
PID-FE41E656,Hauz Khas,2026-07-19 17:09:00,Gate 4,Botanical Garden,2026-07-19 18:02:00,Gate 2,53
PID-EA5E7891,Dwarka Sector 21,2026-07-19 17:11:00,Gate 3,Kashmere Gate,2026-07-19 17:36:00,Gate 3,25
PID-8A5B2F89,Yamuna Bank,2026-07-19 17:12:00,Gate 3,Kashmere Gate,2026-07-19 17:56:00,Gate 2,44
PID-7675B732,Rajiv Chowk,2026-07-19 17:12:00,Gate 1,Dwarka Sector 21,2026-07-19 18:03:00,Gate 5,51
PID-6A613AF3,Mandi House,2026-07-19 17:13:00,Gate 1,Hauz Khas,2026-07-19 17:56:00,Gate 4,43
PID-C6235AA1,INA,2026-07-19 17:14:00,Gate 1,Mandi House,2026-07-19 17:47:00,Gate 5,33
PID-9C052F47,Hauz Khas,2026-07-19 17:15:00,Gate 2,INA,2026-07-19 17:54:00,Gate 4,39
PID-744BEE3B,INA,2026-07-19 17:15:00,Gate 2,Kashmere Gate,2026-07-19 18:08:00,Gate 2,53
PID-9055BD1A,Kashmere Gate,2026-07-19 17:16:00,Gate 3,Hauz Khas,2026-07-19 17:32:00,Gate 5,16
PID-F9C965D8,Kashmere Gate,2026-07-19 17:16:00,Gate 2,INA,2026-07-19 17:50:00,Gate 4,34
PID-4ABB7C3B,Yamuna Bank,2026-07-19 17:17:00,Gate 4,INA,2026-07-19 18:31:00,Gate 1,74
PID-2A053BA0,Botanical Garden,2026-07-19 17:18:00,Gate 2,Rajiv Chowk,2026-07-19 17:47:00,Gate 2,29
PID-4C4607DA,Kashmere Gate,2026-07-19 17:18:00,Gate 1,Botanical Garden,2026-07-19 18:27:00,Gate 3,69
PID-26A03D73,Kashmere Gate,2026-07-19 17:18:00,Gate 3,INA,2026-07-19 17:32:00,Gate 1,14
PID-AB1DF150,Botanical Garden,2026-07-19 17:19:00,Gate 3,INA,2026-07-19 17:35:00,Gate 2,16
PID-1469C017,INA,2026-07-19 17:19:00,Gate 2,Hauz Khas,2026-07-19 18:14:00,Gate 1,55
PID-A5F7FF3F,Dwarka Sector 21,2026-07-19 17:21:00,Gate 1,Botanical Garden,2026-07-19 18:18:00,Gate 3,57
PID-F34EAD9B,Rajiv Chowk,2026-07-19 17:22:00,Gate 2,Yamuna Bank,2026-07-19 17:49:00,Gate 5,27
PID-CE4BE575,Botanical Garden,2026-07-19 17:23:00,Gate 4,INA,2026-07-19 17:56:00,Gate 2,33
PID-E9133229,Yamuna Bank,2026-07-19 17:24:00,Gate 4,Botanical Garden,2026-07-19 17:49:00,Gate 4,25
PID-0AF54964,Kashmere Gate,2026-07-19 17:25:00,Gate 5,Rajiv Chowk,2026-07-19 18:47:00,Gate 4,82
PID-AB2E2C67,Hauz Khas,2026-07-19 17:25:00,Gate 3,Yamuna Bank,2026-07-19 18:30:00,Gate 3,65
PID-DC88DC71,Botanical Garden,2026-07-19 17:26:00,Gate 1,Dwarka Sector 21,2026-07-19 18:25:00,Gate 5,59
PID-A3B70DEF,Yamuna Bank,2026-07-19 17:27:00,Gate 1,Rajiv Chowk,2026-07-19 18:53:00,Gate 2,86
PID-FFA86791,Mandi House,2026-07-19 17:27:00,Gate 4,Botanical Garden,2026-07-19 17:59:00,Gate 2,32
PID-B9C21793,Rajiv Chowk,2026-07-19 17:27:00,Gate 4,Hauz Khas,2026-07-19 18:25:00,Gate 4,58
PID-569BE8C8,Hauz Khas,2026-07-19 17:27:00,Gate 2,Rajiv Chowk,2026-07-19 17:53:00,Gate 4,26
PID-F66E38BD,Mandi House,2026-07-19 17:27:00,Gate 5,INA,2026-07-19 18:17:00,Gate 2,50
PID-E9A820CB,Hauz Khas,2026-07-19 17:28:00,Gate 5,Yamuna Bank,2026-07-19 18:14:00,Gate 1,46
PID-90D006B7,Botanical Garden,2026-07-19 17:28:00,Gate 5,Dwarka Sector 21,2026-07-19 18:32:00,Gate 4,64
PID-8AE8811F,Rajiv Chowk,2026-07-19 17:29:00,Gate 5,Yamuna Bank,2026-07-19 18:13:00,Gate 4,44
PID-EDDA40C2,Hauz Khas,2026-07-19 17:29:00,Gate 5,INA,2026-07-19 18:37:00,Gate 5,68
PID-06CF246B,Hauz Khas,2026-07-19 17:31:00,Gate 4,Dwarka Sector 21,2026-07-19 18:12:00,Gate 5,41
PID-8E2DA196,Hauz Khas,2026-07-19 17:31:00,Gate 3,Yamuna Bank,2026-07-19 17:41:00,Gate 2,10
PID-58AA6BB3,INA,2026-07-19 17:32:00,Gate 5,Rajiv Chowk,2026-07-19 17:47:00,Gate 4,15
PID-16FA0F2F,Kashmere Gate,2026-07-19 17:33:00,Gate 1,INA,2026-07-19 18:39:00,Gate 2,66
PID-153D4B0D,Rajiv Chowk,2026-07-19 17:33:00,Gate 2,Dwarka Sector 21,2026-07-19 18:05:00,Gate 3,32
PID-1C85E028,Rajiv Chowk,2026-07-19 17:34:00,Gate 5,Dwarka Sector 21,2026-07-19 18:40:00,Gate 3,66
PID-C28129A6,INA,2026-07-19 17:36:00,Gate 4,Mandi House,2026-07-19 18:28:00,Gate 1,52
PID-0EE0F251,Yamuna Bank,2026-07-19 17:37:00,Gate 3,Hauz Khas,2026-07-19 18:46:00,Gate 3,69
PID-54467976,Mandi House,2026-07-19 17:37:00,Gate 2,Hauz Khas,2026-07-19 18:43:00,Gate 2,66
PID-B1DE88A3,Dwarka Sector 21,2026-07-19 17:37:00,Gate 4,INA,2026-07-19 18:35:00,Gate 1,58
PID-B85CD7FF,Hauz Khas,2026-07-19 17:39:00,Gate 5,INA,2026-07-19 18:56:00,Gate 5,77
PID-08968E40,Hauz Khas,2026-07-19 17:40:00,Gate 3,Rajiv Chowk,2026-07-19 19:01:00,Gate 4,81
PID-18C47D23,Dwarka Sector 21,2026-07-19 17:40:00,Gate 2,Rajiv Chowk,2026-07-19 18:38:00,Gate 2,58
PID-1B9419B2,Dwarka Sector 21,2026-07-19 17:41:00,Gate 5,Rajiv Chowk,2026-07-19 17:53:00,Gate 1,12
PID-067CA676,Hauz Khas,2026-07-19 17:41:00,Gate 1,Dwarka Sector 21,2026-07-19 18:18:00,Gate 4,37
PID-79F83423,Hauz Khas,2026-07-19 17:42:00,Gate 1,Mandi House,2026-07-19 18:02:00,Gate 5,20
PID-FD4E925F,Mandi House,2026-07-19 17:42:00,Gate 2,Kashmere Gate,2026-07-19 18:26:00,Gate 4,44
PID-992EA9F3,Botanical Garden,2026-07-19 17:44:00,Gate 1,Yamuna Bank,2026-07-19 19:14:00,Gate 1,90
PID-C960ECB9,Mandi House,2026-07-19 17:44:00,Gate 5,Yamuna Bank,2026-07-19 18:25:00,Gate 4,41
PID-7B04D4D5,Rajiv Chowk,2026-07-19 17:44:00,Gate 4,Mandi House,2026-07-19 18:57:00,Gate 5,73
PID-A7189BEC,Dwarka Sector 21,2026-07-19 17:45:00,Gate 5,Mandi House,2026-07-19 18:11:00,Gate 1,26
PID-A9563086,INA,2026-07-19 17:45:00,Gate 4,Yamuna Bank,2026-07-19 19:03:00,Gate 4,78
PID-91A323B1,Mandi House,2026-07-19 17:46:00,Gate 1,Botanical Garden,2026-07-19 18:50:00,Gate 3,64
PID-D221996E,Botanical Garden,2026-07-19 17:46:00,Gate 1,INA,2026-07-19 18:22:00,Gate 1,36
PID-23839AA0,Hauz Khas,2026-07-19 17:48:00,Gate 5,INA,2026-07-19 19:13:00,Gate 4,85
PID-19D1E912,Kashmere Gate,2026-07-19 17:49:00,Gate 2,INA,2026-07-19 18:08:00,Gate 5,19
PID-D4A804E0,Kashmere Gate,2026-07-19 17:51:00,Gate 5,Botanical Garden,2026-07-19 18:36:00,Gate 4,45
PID-D6909293,Yamuna Bank,2026-07-19 17:52:00,Gate 1,INA,2026-07-19 18:44:00,Gate 3,52
PID-F113DABA,Botanical Garden,2026-07-19 17:54:00,Gate 4,Kashmere Gate,2026-07-19 18:54:00,Gate 5,60
PID-A87AE6F0,Hauz Khas,2026-07-19 17:55:00,Gate 4,Rajiv Chowk,2026-07-19 19:01:00,Gate 4,66
PID-FDD96FEC,Mandi House,2026-07-19 17:56:00,Gate 1,Dwarka Sector 21,2026-07-19 18:11:00,Gate 2,15
PID-CA91E8AD,Kashmere Gate,2026-07-19 17:57:00,Gate 4,Dwarka Sector 21,2026-07-19 19:17:00,Gate 1,80
PID-8B33B50B,Yamuna Bank,2026-07-19 17:57:00,Gate 1,INA,2026-07-19 18:47:00,Gate 1,50
PID-765524C5,INA,2026-07-19 17:57:00,Gate 4,Kashmere Gate,2026-07-19 19:13:00,Gate 3,76
PID-A211F626,Rajiv Chowk,2026-07-19 17:58:00,Gate 5,INA,2026-07-19 18:37:00,Gate 4,39
PID-57256D75,Yamuna Bank,2026-07-19 17:59:00,Gate 3,Botanical Garden,2026-07-19 18:10:00,Gate 5,11
