From_Station,To_Station
Airport,Airport
Airport,Central
Airport,City Center
Airport,Market
Airport,North Gate
Airport,Rail Hub
Airport,South Gate
Airport,Stadium
Airport,Tech Park
Airport,University
Central,Airport
Central,Central
Central,City Center
Central,Market
Central,North Gate
Central,Rail Hub
Central,South Gate
Central,Stadium
Central,Tech Park
Central,University
City Center,Airport
City Center,Central
City Center,City Center
City Center,Market
City Center,North Gate
City Center,Rail Hub
City Center,South Gate
City Center,Stadium
City Center,Tech Park
City Center,University
Market,Airport
Market,Central
Market,City Center
Market,Market
Market,North Gate
Market,Rail Hub
Market,South Gate
Market,Stadium
Market,Tech Park
Market,University
North Gate,Airport
North Gate,Central
North Gate,City Center
North Gate,Market
North Gate,North Gate
North Gate,Rail Hub
North Gate,South Gate
North Gate,Stadium
North Gate,Tech Park
North Gate,University
Rail Hub,Airport
Rail Hub,Central
Rail Hub,City Center
Rail Hub,Market
Rail Hub,North Gate
Rail Hub,Rail Hub
Rail Hub,South Gate
Rail Hub,Stadium
Rail Hub,Tech Park
Rail Hub,University
South Gate,Airport
South Gate,Central
South Gate,City Center
South Gate,Market
South Gate,North Gate
South Gate,Rail Hub
South Gate,South Gate
South Gate,Stadium
South Gate,Tech Park
South Gate,University
Stadium,Airport
Stadium,Central
Stadium,City Center
Stadium,Market
Stadium,North Gate
Stadium,Rail Hub
Stadium,South Gate
Stadium,Stadium
Stadium,Tech Park
Stadium,University
Tech Park,Airport
Tech Park,Central
Tech Park,City Center
Tech Park,Market
Tech Park,North Gate
Tech Park,Rail Hub
Tech Park,South Gate
Tech Park,Stadium
Tech Park,Tech Park
Tech Park,University
University,Airport
University,Central
University,City Center
University,Market
University,North Gate
University,Rail Hub
University,South Gate
University,Stadium
University,Tech Park
University,University
